,product,price,stars,reviews,href
0,"Unidad de disco duro externo portátil Seagate de 2 TB con puerto USB 3.0 para PC, Mac, PlayStation y Xbox además de 1 año de Rescue Service",77.84,4.6 de 5 estrellas,"264,484",amazon.com/-/es/externo-port%C3%A1til-Seagate-PlayStation-Service/dp/B07CRG94G3/ref=sr_1_1?dib=eyJ2IjoiMSJ9.EoJi2KGtyKkHzukpwyJrsl175r-A3P4yOeGTZX-HRIRdmU9Mk2KtwfTDDVsxlPXxU8_KCkTZYVvzeSUSXoHdwXskFfR0QWhq8SwEr7pR0NxZPjV291TDti1uIADKRU562njVu4B1VRgA_GOBgPcN617aveA8ulpiQ5TVZHFtiQHk9WuHoat04Enra5-4iKXb0YcF6ZZ8oluoNrvLOMKzCoQShvVrHU8sqsIMolVHkw3rsyyYL03JUox6rKtHPQekaGQIGO9y8iqWstQjBBd0o1Rj0C-qKopaWkcVE5MMWxI.Sjvzg4ys5Ns5ZorcKLJ8uCWH_XhBZbjnixbeByDKfsA&dib_tag=se&qid=1738640967&refresh=1&s=computers-intl-ship&sr=1-1&xpid=HiER_QO91f5Mi
1,"SanDisk SDSSDE61-2T00-G25 - SSD portátil extremo de 2 TB, hasta 1050 MB/s, USB-C, USB 3.2 Gen 2, resistencia al agua y al polvo IP65, firmware actualizado, unidad externa de estado sólido",148.23,4.6 de 5 estrellas,"73,433",amazon.com/-/es/SanDisk-SDSSDE61-2T00-G25-port%C3%A1til-resistencia-actualizado/dp/B08HN37XC1/ref=sr_1_2?dib=eyJ2IjoiMSJ9.EoJi2KGtyKkHzukpwyJrsl175r-A3P4yOeGTZX-HRIRdmU9Mk2KtwfTDDVsxlPXxU8_KCkTZYVvzeSUSXoHdwXskFfR0QWhq8SwEr7pR0NxZPjV291TDti1uIADKRU562njVu4B1VRgA_GOBgPcN617aveA8ulpiQ5TVZHFtiQHk9WuHoat04Enra5-4iKXb0YcF6ZZ8oluoNrvLOMKzCoQShvVrHU8sqsIMolVHkw3rsyyYL03JUox6rKtHPQekaGQIGO9y8iqWstQjBBd0o1Rj0C-qKopaWkcVE5MMWxI.Sjvzg4ys5Ns5ZorcKLJ8uCWH_XhBZbjnixbeByDKfsA&dib_tag=se&qid=1738640967&refresh=1&s=computers-intl-ship&sr=1-2&xpid=HiER_QO91f5Mi
2,AMD Procesador de escritorio Ryzen 7 7800X3D de 8 núcleos y 16 hilos,449.0,4.9 de 5 estrellas,"4,481",amazon.com/-/es/AMD-Procesador-escritorio-Ryzen-7800X3D/dp/B0BTZB7F88/ref=sr_1_3?dib=eyJ2IjoiMSJ9.EoJi2KGtyKkHzukpwyJrsl175r-A3P4yOeGTZX-HRIRdmU9Mk2KtwfTDDVsxlPXxU8_KCkTZYVvzeSUSXoHdwXskFfR0QWhq8SwEr7pR0NxZPjV291TDti1uIADKRU562njVu4B1VRgA_GOBgPcN617aveA8ulpiQ5TVZHFtiQHk9WuHoat04Enra5-4iKXb0YcF6ZZ8oluoNrvLOMKzCoQShvVrHU8sqsIMolVHkw3rsyyYL03JUox6rKtHPQekaGQIGO9y8iqWstQjBBd0o1Rj0C-qKopaWkcVE5MMWxI.Sjvzg4ys5Ns5ZorcKLJ8uCWH_XhBZbjnixbeByDKfsA&dib_tag=se&qid=1738640967&refresh=1&s=computers-intl-ship&sr=1-3&xpid=HiER_QO91f5Mi
3,CORSAIR VENGEANCE LPX DDR4 RAM 32 GB (2 x 16 GB) 3200 MHz CL16-20-20-38 1.35V Intel AMD Memoria de computadora de escritorio - Negro (CMK32GX4M2E3200C16),50.99,4.8 de 5 estrellas,"14,284",amazon.com/-/es/CORSAIR-VENGEANCE-CL16-20-20-38-computadora-escritorio/dp/B07RW6Z692/ref=sr_1_4?dib=eyJ2IjoiMSJ9.EoJi2KGtyKkHzukpwyJrsl175r-A3P4yOeGTZX-HRIRdmU9Mk2KtwfTDDVsxlPXxU8_KCkTZYVvzeSUSXoHdwXskFfR0QWhq8SwEr7pR0NxZPjV291TDti1uIADKRU562njVu4B1VRgA_GOBgPcN617aveA8ulpiQ5TVZHFtiQHk9WuHoat04Enra5-4iKXb0YcF6ZZ8oluoNrvLOMKzCoQShvVrHU8sqsIMolVHkw3rsyyYL03JUox6rKtHPQekaGQIGO9y8iqWstQjBBd0o1Rj0C-qKopaWkcVE5MMWxI.Sjvzg4ys5Ns5ZorcKLJ8uCWH_XhBZbjnixbeByDKfsA&dib_tag=se&qid=1738640967&refresh=1&s=computers-intl-ship&sr=1-4&xpid=HiER_QO91f5Mi
4,"Samsung T7 Touch - Disco duro portátil, 500 GB, USB 3.2",97.99,4.7 de 5 estrellas,"34,091",amazon.com/-/es/Samsung-T7-Touch-Disco-port%C3%A1til/dp/B0874XN4D8/ref=sr_1_5?dib=eyJ2IjoiMSJ9.EoJi2KGtyKkHzukpwyJrsl175r-A3P4yOeGTZX-HRIRdmU9Mk2KtwfTDDVsxlPXxU8_KCkTZYVvzeSUSXoHdwXskFfR0QWhq8SwEr7pR0NxZPjV291TDti1uIADKRU562njVu4B1VRgA_GOBgPcN617aveA8ulpiQ5TVZHFtiQHk9WuHoat04Enra5-4iKXb0YcF6ZZ8oluoNrvLOMKzCoQShvVrHU8sqsIMolVHkw3rsyyYL03JUox6rKtHPQekaGQIGO9y8iqWstQjBBd0o1Rj0C-qKopaWkcVE5MMWxI.Sjvzg4ys5Ns5ZorcKLJ8uCWH_XhBZbjnixbeByDKfsA&dib_tag=se&qid=1738640967&refresh=1&s=computers-intl-ship&sr=1-5&xpid=HiER_QO91f5Mi
5,AMD Procesador de escritorio desbloqueado Ryzen 5 7600X de 6 núcleos y 12 hilos,207.95,4.8 de 5 estrellas,"3,048",amazon.com/-/es/Procesador-escritorio-desbloqueado-7600X-n%C3%BAcleos/dp/B0BBJDS62N/ref=sr_1_6?dib=eyJ2IjoiMSJ9.EoJi2KGtyKkHzukpwyJrsl175r-A3P4yOeGTZX-HRIRdmU9Mk2KtwfTDDVsxlPXxU8_KCkTZYVvzeSUSXoHdwXskFfR0QWhq8SwEr7pR0NxZPjV291TDti1uIADKRU562njVu4B1VRgA_GOBgPcN617aveA8ulpiQ5TVZHFtiQHk9WuHoat04Enra5-4iKXb0YcF6ZZ8oluoNrvLOMKzCoQShvVrHU8sqsIMolVHkw3rsyyYL03JUox6rKtHPQekaGQIGO9y8iqWstQjBBd0o1Rj0C-qKopaWkcVE5MMWxI.Sjvzg4ys5Ns5ZorcKLJ8uCWH_XhBZbjnixbeByDKfsA&dib_tag=se&qid=1738640967&refresh=1&s=computers-intl-ship&sr=1-6&xpid=HiER_QO91f5Mi
6,Seagate Game Drive,149.0,4.8 de 5 estrellas,"20,400",amazon.com/-/es/STJR1000400-Seagate-Game-Drive/dp/B08K3S6WJM/ref=sr_1_7?dib=eyJ2IjoiMSJ9.EoJi2KGtyKkHzukpwyJrsl175r-A3P4yOeGTZX-HRIRdmU9Mk2KtwfTDDVsxlPXxU8_KCkTZYVvzeSUSXoHdwXskFfR0QWhq8SwEr7pR0NxZPjV291TDti1uIADKRU562njVu4B1VRgA_GOBgPcN617aveA8ulpiQ5TVZHFtiQHk9WuHoat04Enra5-4iKXb0YcF6ZZ8oluoNrvLOMKzCoQShvVrHU8sqsIMolVHkw3rsyyYL03JUox6rKtHPQekaGQIGO9y8iqWstQjBBd0o1Rj0C-qKopaWkcVE5MMWxI.Sjvzg4ys5Ns5ZorcKLJ8uCWH_XhBZbjnixbeByDKfsA&dib_tag=se&qid=1738640967&refresh=1&s=computers-intl-ship&sr=1-7&xpid=HiER_QO91f5Mi
7,"ARCTIC MX-4 (0.14 oz) - Pasta térmica de alto rendimiento para todos los procesadores (CPU, GPU - PC), muy alta conductividad térmica, larga durabilidad, aplicación segura, no conductora",6.99,4.8 de 5 estrellas,"90,438",amazon.com/-/es/ARCTIC-MX-4-0-14-procesadores-conductividad/dp/B07L9BDY3T/ref=sr_1_8?dib=eyJ2IjoiMSJ9.EoJi2KGtyKkHzukpwyJrsl175r-A3P4yOeGTZX-HRIRdmU9Mk2KtwfTDDVsxlPXxU8_KCkTZYVvzeSUSXoHdwXskFfR0QWhq8SwEr7pR0NxZPjV291TDti1uIADKRU562njVu4B1VRgA_GOBgPcN617aveA8ulpiQ5TVZHFtiQHk9WuHoat04Enra5-4iKXb0YcF6ZZ8oluoNrvLOMKzCoQShvVrHU8sqsIMolVHkw3rsyyYL03JUox6rKtHPQekaGQIGO9y8iqWstQjBBd0o1Rj0C-qKopaWkcVE5MMWxI.Sjvzg4ys5Ns5ZorcKLJ8uCWH_XhBZbjnixbeByDKfsA&dib_tag=se&qid=1738640967&refresh=1&s=computers-intl-ship&sr=1-8&xpid=HiER_QO91f5Mi
8,"SanDisk SDSSDE81-4T00-G25 SSD portátil Extreme PRO de 4 TB - Hasta 2000 MB/s - USB-C, USB 3.2 Gen 2 x 2, resistencia al agua y al polvo IP65, firmware actualizado, unidad externa de estado sólido",299.99,4.4 de 5 estrellas,"14,164",amazon.com/-/es/SanDisk-SDSSDE81-4T00-G25-SSD-port%C3%A1til-Extreme/dp/B08RX3343D/ref=sr_1_9?dib=eyJ2IjoiMSJ9.EoJi2KGtyKkHzukpwyJrsl175r-A3P4yOeGTZX-HRIRdmU9Mk2KtwfTDDVsxlPXxU8_KCkTZYVvzeSUSXoHdwXskFfR0QWhq8SwEr7pR0NxZPjV291TDti1uIADKRU562njVu4B1VRgA_GOBgPcN617aveA8ulpiQ5TVZHFtiQHk9WuHoat04Enra5-4iKXb0YcF6ZZ8oluoNrvLOMKzCoQShvVrHU8sqsIMolVHkw3rsyyYL03JUox6rKtHPQekaGQIGO9y8iqWstQjBBd0o1Rj0C-qKopaWkcVE5MMWxI.Sjvzg4ys5Ns5ZorcKLJ8uCWH_XhBZbjnixbeByDKfsA&dib_tag=se&qid=1738640967&refresh=1&s=computers-intl-ship&sr=1-9&xpid=HiER_QO91f5Mi
9,"Unidad externa de CD/DVD para portátil, reproductor de CD USB 3.0, reproductor de DVD portátil +/-RW, lector de CD ROM, escritor, duplicador de discos compatible con computadora portátil,",22.31,4.2 de 5 estrellas,"38,178",amazon.com/-/es/port%C3%A1til-reproductor-duplicador-compatible-computadora/dp/B07DLRG9VH/ref=sr_1_10?dib=eyJ2IjoiMSJ9.EoJi2KGtyKkHzukpwyJrsl175r-A3P4yOeGTZX-HRIRdmU9Mk2KtwfTDDVsxlPXxU8_KCkTZYVvzeSUSXoHdwXskFfR0QWhq8SwEr7pR0NxZPjV291TDti1uIADKRU562njVu4B1VRgA_GOBgPcN617aveA8ulpiQ5TVZHFtiQHk9WuHoat04Enra5-4iKXb0YcF6ZZ8oluoNrvLOMKzCoQShvVrHU8sqsIMolVHkw3rsyyYL03JUox6rKtHPQekaGQIGO9y8iqWstQjBBd0o1Rj0C-qKopaWkcVE5MMWxI.Sjvzg4ys5Ns5ZorcKLJ8uCWH_XhBZbjnixbeByDKfsA&dib_tag=se&qid=1738640967&refresh=1&s=computers-intl-ship&sr=1-10&xpid=HiER_QO91f5Mi
10,"UnionSine Disco duro externo portátil ultra delgado de 1 TB HDD-USB 3.0 para PC, Mac, portátil, PS4, Xbox one, Xbox 360-HD2510 (negro)",55.74,4.5 de 5 estrellas,"46,058",amazon.com/-/es/UnionSine-externo-port%C3%A1til-delgado-360-HD2510/dp/B091FV14V9/ref=sr_1_11?dib=eyJ2IjoiMSJ9.EoJi2KGtyKkHzukpwyJrsl175r-A3P4yOeGTZX-HRIRdmU9Mk2KtwfTDDVsxlPXxU8_KCkTZYVvzeSUSXoHdwXskFfR0QWhq8SwEr7pR0NxZPjV291TDti1uIADKRU562njVu4B1VRgA_GOBgPcN617aveA8ulpiQ5TVZHFtiQHk9WuHoat04Enra5-4iKXb0YcF6ZZ8oluoNrvLOMKzCoQShvVrHU8sqsIMolVHkw3rsyyYL03JUox6rKtHPQekaGQIGO9y8iqWstQjBBd0o1Rj0C-qKopaWkcVE5MMWxI.Sjvzg4ys5Ns5ZorcKLJ8uCWH_XhBZbjnixbeByDKfsA&dib_tag=se&qid=1738640967&refresh=1&s=computers-intl-ship&sr=1-11&xpid=HiER_QO91f5Mi
11,AMD Ryzen 7 7700X - Procesador de escritorio desbloqueado de 8 núcleos y 16 hilos,275.55,4.7 de 5 estrellas,"2,129",amazon.com/-/es/AMD-Ryzen-7700X-Procesador-desbloqueado/dp/B0BBHHT8LY/ref=sr_1_12?dib=eyJ2IjoiMSJ9.EoJi2KGtyKkHzukpwyJrsl175r-A3P4yOeGTZX-HRIRdmU9Mk2KtwfTDDVsxlPXxU8_KCkTZYVvzeSUSXoHdwXskFfR0QWhq8SwEr7pR0NxZPjV291TDti1uIADKRU562njVu4B1VRgA_GOBgPcN617aveA8ulpiQ5TVZHFtiQHk9WuHoat04Enra5-4iKXb0YcF6ZZ8oluoNrvLOMKzCoQShvVrHU8sqsIMolVHkw3rsyyYL03JUox6rKtHPQekaGQIGO9y8iqWstQjBBd0o1Rj0C-qKopaWkcVE5MMWxI.Sjvzg4ys5Ns5ZorcKLJ8uCWH_XhBZbjnixbeByDKfsA&dib_tag=se&qid=1738640967&refresh=1&s=computers-intl-ship&sr=1-12&xpid=HiER_QO91f5Mi
12,"WD Disco duro externo portátil Elements de 2 TB para Windows, USB 3.2 Gen 1/USB 3.0 para PC y Mac, listo para conectar y usar, WDBU6Y0020BBK-WESN",69.99,4.6 de 5 estrellas,"296,806",amazon.com/-/es/externo-port%C3%A1til-Elements-conectar-WDBU6Y0020BBK-WESN/dp/B06W55K9N6/ref=sr_1_14?dib=eyJ2IjoiMSJ9.EoJi2KGtyKkHzukpwyJrsl175r-A3P4yOeGTZX-HRIRdmU9Mk2KtwfTDDVsxlPXxU8_KCkTZYVvzeSUSXoHdwXskFfR0QWhq8SwEr7pR0NxZPjV291TDti1uIADKRU562njVu4B1VRgA_GOBgPcN617aveA8ulpiQ5TVZHFtiQHk9WuHoat04Enra5-4iKXb0YcF6ZZ8oluoNrvLOMKzCoQShvVrHU8sqsIMolVHkw3rsyyYL03JUox6rKtHPQekaGQIGO9y8iqWstQjBBd0o1Rj0C-qKopaWkcVE5MMWxI.Sjvzg4ys5Ns5ZorcKLJ8uCWH_XhBZbjnixbeByDKfsA&dib_tag=se&qid=1738640967&refresh=1&s=computers-intl-ship&sr=1-14&xpid=HiER_QO91f5Mi
13,AMD Procesador de escritorio desbloqueado Ryzen™ 9 9950X de 16 núcleos y 32 hilos,576.29,4.7 de 5 estrellas,152,amazon.com/-/es/AMD-Procesador-desbloqueado-RyzenTM-9950X/dp/B0D6NNRBGP/ref=sr_1_15?dib=eyJ2IjoiMSJ9.EoJi2KGtyKkHzukpwyJrsl175r-A3P4yOeGTZX-HRIRdmU9Mk2KtwfTDDVsxlPXxU8_KCkTZYVvzeSUSXoHdwXskFfR0QWhq8SwEr7pR0NxZPjV291TDti1uIADKRU562njVu4B1VRgA_GOBgPcN617aveA8ulpiQ5TVZHFtiQHk9WuHoat04Enra5-4iKXb0YcF6ZZ8oluoNrvLOMKzCoQShvVrHU8sqsIMolVHkw3rsyyYL03JUox6rKtHPQekaGQIGO9y8iqWstQjBBd0o1Rj0C-qKopaWkcVE5MMWxI.Sjvzg4ys5Ns5ZorcKLJ8uCWH_XhBZbjnixbeByDKfsA&dib_tag=se&qid=1738640967&refresh=1&s=computers-intl-ship&sr=1-15&xpid=HiER_QO91f5Mi
14,AMD Procesador de escritorio desbloqueado Ryzen 7 5700X de 8 núcleos y 16 hilos,141.0,4.8 de 5 estrellas,"7,772",amazon.com/-/es/AMD-Procesador-desbloqueado-Ryzen-5700X/dp/B09VCHQHZ6/ref=sr_1_16?dib=eyJ2IjoiMSJ9.EoJi2KGtyKkHzukpwyJrsl175r-A3P4yOeGTZX-HRIRdmU9Mk2KtwfTDDVsxlPXxU8_KCkTZYVvzeSUSXoHdwXskFfR0QWhq8SwEr7pR0NxZPjV291TDti1uIADKRU562njVu4B1VRgA_GOBgPcN617aveA8ulpiQ5TVZHFtiQHk9WuHoat04Enra5-4iKXb0YcF6ZZ8oluoNrvLOMKzCoQShvVrHU8sqsIMolVHkw3rsyyYL03JUox6rKtHPQekaGQIGO9y8iqWstQjBBd0o1Rj0C-qKopaWkcVE5MMWxI.Sjvzg4ys5Ns5ZorcKLJ8uCWH_XhBZbjnixbeByDKfsA&dib_tag=se&qid=1738640967&refresh=1&s=computers-intl-ship&sr=1-16&xpid=HiER_QO91f5Mi
15,"SSK Unidad USB de 1 TB, SSD externa USB rápida 550 MB/s 2 en 1 unidad dual USB tipo C + USB A 3.2 Gen2 unidad de pulgar de estado sólido SSD Stick para iPhone 15/PS4/teléfono",69.29,4.5 de 5 estrellas,994,amazon.com/-/es/Unidad-externa-r%C3%A1pida-unidad-tel%C3%A9fono/dp/B0C9J48X93/ref=sr_1_17?dib=eyJ2IjoiMSJ9.EoJi2KGtyKkHzukpwyJrsl175r-A3P4yOeGTZX-HRIRdmU9Mk2KtwfTDDVsxlPXxU8_KCkTZYVvzeSUSXoHdwXskFfR0QWhq8SwEr7pR0NxZPjV291TDti1uIADKRU562njVu4B1VRgA_GOBgPcN617aveA8ulpiQ5TVZHFtiQHk9WuHoat04Enra5-4iKXb0YcF6ZZ8oluoNrvLOMKzCoQShvVrHU8sqsIMolVHkw3rsyyYL03JUox6rKtHPQekaGQIGO9y8iqWstQjBBd0o1Rj0C-qKopaWkcVE5MMWxI.Sjvzg4ys5Ns5ZorcKLJ8uCWH_XhBZbjnixbeByDKfsA&dib_tag=se&qid=1738640967&refresh=1&s=computers-intl-ship&sr=1-17&xpid=HiER_QO91f5Mi
16,AMD Ryzen 5 5600X 6 núcleos y 12 hilos desbloqueados procesador de escritorio con Wraith Stealth Cooler,127.49,4.8 de 5 estrellas,"27,735",amazon.com/-/es/AMD-Ryzen-5600X-desbloqueados-procesador/dp/B08166SLDF/ref=sr_1_18?dib=eyJ2IjoiMSJ9.EoJi2KGtyKkHzukpwyJrsl175r-A3P4yOeGTZX-HRIRdmU9Mk2KtwfTDDVsxlPXxU8_KCkTZYVvzeSUSXoHdwXskFfR0QWhq8SwEr7pR0NxZPjV291TDti1uIADKRU562njVu4B1VRgA_GOBgPcN617aveA8ulpiQ5TVZHFtiQHk9WuHoat04Enra5-4iKXb0YcF6ZZ8oluoNrvLOMKzCoQShvVrHU8sqsIMolVHkw3rsyyYL03JUox6rKtHPQekaGQIGO9y8iqWstQjBBd0o1Rj0C-qKopaWkcVE5MMWxI.Sjvzg4ys5Ns5ZorcKLJ8uCWH_XhBZbjnixbeByDKfsA&dib_tag=se&qid=1738640967&refresh=1&s=computers-intl-ship&sr=1-18&xpid=HiER_QO91f5Mi
17,"Corsair 4000D Airflow - Gabinete ATX semitorre para PC con vidrio templado, color negro",104.99,4.7 de 5 estrellas,"17,911",amazon.com/-/es/Corsair-4000D-Airflow-Gabinete-semitorre/dp/B08C7BGV3D/ref=sr_1_19?dib=eyJ2IjoiMSJ9.EoJi2KGtyKkHzukpwyJrsl175r-A3P4yOeGTZX-HRIRdmU9Mk2KtwfTDDVsxlPXxU8_KCkTZYVvzeSUSXoHdwXskFfR0QWhq8SwEr7pR0NxZPjV291TDti1uIADKRU562njVu4B1VRgA_GOBgPcN617aveA8ulpiQ5TVZHFtiQHk9WuHoat04Enra5-4iKXb0YcF6ZZ8oluoNrvLOMKzCoQShvVrHU8sqsIMolVHkw3rsyyYL03JUox6rKtHPQekaGQIGO9y8iqWstQjBBd0o1Rj0C-qKopaWkcVE5MMWxI.Sjvzg4ys5Ns5ZorcKLJ8uCWH_XhBZbjnixbeByDKfsA&dib_tag=se&qid=1738640967&refresh=1&s=computers-intl-ship&sr=1-19&xpid=HiER_QO91f5Mi
18,"Thermalright Peerless Assassin 120 SE - Enfriador de CPU, 6 tubos de calor con tecnología AGHP, ventiladores PWM duales de 4.724 in, velocidad de 1550 RPM, para AMD: AM4 AM5/Intel LGA",34.9,4.7 de 5 estrellas,"2,914",amazon.com/-/es/Thermalright-Peerless-Assassin-120-SE/dp/B09LGY38L4/ref=sr_1_20?dib=eyJ2IjoiMSJ9.EoJi2KGtyKkHzukpwyJrsl175r-A3P4yOeGTZX-HRIRdmU9Mk2KtwfTDDVsxlPXxU8_KCkTZYVvzeSUSXoHdwXskFfR0QWhq8SwEr7pR0NxZPjV291TDti1uIADKRU562njVu4B1VRgA_GOBgPcN617aveA8ulpiQ5TVZHFtiQHk9WuHoat04Enra5-4iKXb0YcF6ZZ8oluoNrvLOMKzCoQShvVrHU8sqsIMolVHkw3rsyyYL03JUox6rKtHPQekaGQIGO9y8iqWstQjBBd0o1Rj0C-qKopaWkcVE5MMWxI.Sjvzg4ys5Ns5ZorcKLJ8uCWH_XhBZbjnixbeByDKfsA&dib_tag=se&qid=1738640967&refresh=1&s=computers-intl-ship&sr=1-20&xpid=HiER_QO91f5Mi
19,CanaKit Raspberry Pi 5 Starter Kit PRO - Turbina Negro (128GB Edition) (8GB RAM),159.99,4.6 de 5 estrellas,624,amazon.com/-/es/CanaKit-Raspberry-Starter-Kit-PRO/dp/B0CRSNCJ6Y/ref=sr_1_21?dib=eyJ2IjoiMSJ9.EoJi2KGtyKkHzukpwyJrsl175r-A3P4yOeGTZX-HRIRdmU9Mk2KtwfTDDVsxlPXxU8_KCkTZYVvzeSUSXoHdwXskFfR0QWhq8SwEr7pR0NxZPjV291TDti1uIADKRU562njVu4B1VRgA_GOBgPcN617aveA8ulpiQ5TVZHFtiQHk9WuHoat04Enra5-4iKXb0YcF6ZZ8oluoNrvLOMKzCoQShvVrHU8sqsIMolVHkw3rsyyYL03JUox6rKtHPQekaGQIGO9y8iqWstQjBBd0o1Rj0C-qKopaWkcVE5MMWxI.Sjvzg4ys5Ns5ZorcKLJ8uCWH_XhBZbjnixbeByDKfsA&dib_tag=se&qid=1738640967&refresh=1&s=computers-intl-ship&sr=1-21&xpid=HiER_QO91f5Mi
20,"ARCTIC Liquid Freezer III 360 - Enfriador de agua CPU AIO, PC de refrigeración por agua, Intel y AMD, bomba eficiente controlada por PWM, ventilador: 200-1800 RPM, marco de contacto LGA1851 y LGA1700",90.08,4.4 de 5 estrellas,900,amazon.com/-/es/ARCTIC-Liquid-Freezer-III-360-refrigeraci%C3%B3n/dp/B09VH1T1C2/ref=sr_1_22?dib=eyJ2IjoiMSJ9.EoJi2KGtyKkHzukpwyJrsl175r-A3P4yOeGTZX-HRIRdmU9Mk2KtwfTDDVsxlPXxU8_KCkTZYVvzeSUSXoHdwXskFfR0QWhq8SwEr7pR0NxZPjV291TDti1uIADKRU562njVu4B1VRgA_GOBgPcN617aveA8ulpiQ5TVZHFtiQHk9WuHoat04Enra5-4iKXb0YcF6ZZ8oluoNrvLOMKzCoQShvVrHU8sqsIMolVHkw3rsyyYL03JUox6rKtHPQekaGQIGO9y8iqWstQjBBd0o1Rj0C-qKopaWkcVE5MMWxI.Sjvzg4ys5Ns5ZorcKLJ8uCWH_XhBZbjnixbeByDKfsA&dib_tag=se&qid=1738640967&refresh=1&s=computers-intl-ship&sr=1-22&xpid=HiER_QO91f5Mi
21,"WD_BLACK Tarjeta de expansión C50 de 2 TB, con licencia oficial para Xbox, reanudación rápida, Plug & Play, expansión NVMe SSD para consolas de juegos Xbox Series X|S - WDBMPH0020BNC-WCSN",229.99,4.8 de 5 estrellas,"6,609",amazon.com/-/es/WD_BLACK-expansi%C3%B3n-licencia-reanudaci%C3%B3n-consolas/dp/B0DK74LG91/ref=sr_1_23?dib=eyJ2IjoiMSJ9.EoJi2KGtyKkHzukpwyJrsl175r-A3P4yOeGTZX-HRIRdmU9Mk2KtwfTDDVsxlPXxU8_KCkTZYVvzeSUSXoHdwXskFfR0QWhq8SwEr7pR0NxZPjV291TDti1uIADKRU562njVu4B1VRgA_GOBgPcN617aveA8ulpiQ5TVZHFtiQHk9WuHoat04Enra5-4iKXb0YcF6ZZ8oluoNrvLOMKzCoQShvVrHU8sqsIMolVHkw3rsyyYL03JUox6rKtHPQekaGQIGO9y8iqWstQjBBd0o1Rj0C-qKopaWkcVE5MMWxI.Sjvzg4ys5Ns5ZorcKLJ8uCWH_XhBZbjnixbeByDKfsA&dib_tag=se&qid=1738640967&refresh=1&s=computers-intl-ship&sr=1-23&xpid=HiER_QO91f5Mi
22,"SAMSUNG T7 Shield - SSD portátil de 4 TB, 1050 MB/s, resistente, resistente al agua y al polvo, para creadores de contenido, color negro",279.99,4.7 de 5 estrellas,"14,101",amazon.com/-/es/SAMSUNG-Shield-resistente-creadores-contenido/dp/B0BHZQGN26/ref=sr_1_24?dib=eyJ2IjoiMSJ9.EoJi2KGtyKkHzukpwyJrsl175r-A3P4yOeGTZX-HRIRdmU9Mk2KtwfTDDVsxlPXxU8_KCkTZYVvzeSUSXoHdwXskFfR0QWhq8SwEr7pR0NxZPjV291TDti1uIADKRU562njVu4B1VRgA_GOBgPcN617aveA8ulpiQ5TVZHFtiQHk9WuHoat04Enra5-4iKXb0YcF6ZZ8oluoNrvLOMKzCoQShvVrHU8sqsIMolVHkw3rsyyYL03JUox6rKtHPQekaGQIGO9y8iqWstQjBBd0o1Rj0C-qKopaWkcVE5MMWxI.Sjvzg4ys5Ns5ZorcKLJ8uCWH_XhBZbjnixbeByDKfsA&dib_tag=se&qid=1738640967&refresh=1&s=computers-intl-ship&sr=1-24&xpid=HiER_QO91f5Mi
23,"Seagate BarraCuda - Disco duro interno de 8 TB, 3.5 pulgadas, SATA 6 Gb / s, 5400 RPM, 256 MB caché, para computadora de sobremesa, embalaje libre de frustración (ST8000DM004)",134.99,4.7 de 5 estrellas,"118,224",amazon.com/-/es/Seagate-BarraCuda-computadora-frustraci%C3%B3n-ST8000DM004/dp/B07H289S7C/ref=sr_1_25?dib=eyJ2IjoiMSJ9.EoJi2KGtyKkHzukpwyJrsl175r-A3P4yOeGTZX-HRIRdmU9Mk2KtwfTDDVsxlPXxU8_KCkTZYVvzeSUSXoHdwXskFfR0QWhq8SwEr7pR0NxZPjV291TDti1uIADKRU562njVu4B1VRgA_GOBgPcN617aveA8ulpiQ5TVZHFtiQHk9WuHoat04Enra5-4iKXb0YcF6ZZ8oluoNrvLOMKzCoQShvVrHU8sqsIMolVHkw3rsyyYL03JUox6rKtHPQekaGQIGO9y8iqWstQjBBd0o1Rj0C-qKopaWkcVE5MMWxI.Sjvzg4ys5Ns5ZorcKLJ8uCWH_XhBZbjnixbeByDKfsA&dib_tag=se&qid=1738640967&refresh=1&s=computers-intl-ship&sr=1-25&xpid=HiER_QO91f5Mi
24,"Unidad de disco duro externo portátil Seagate de 2 TB con puerto USB 3.0 para PC, Mac, PlayStation y Xbox además de 1 año de Rescue Service",77.84,4.6 de 5 estrellas,"264,484",amazon.com/-/es/externo-port%C3%A1til-Seagate-PlayStation-Service/dp/B07CRG94G3/ref=sr_1_1?dib=eyJ2IjoiMSJ9.EoJi2KGtyKkHzukpwyJrsl175r-A3P4yOeGTZX-HRIRdmU9Mk2KtwfTDDVsxlPXxU8_KCkTZYVvzeSUSXoHdwXskFfR0QWhq8SwEr7pR0NxZPjV291TDti1uIADKRU562njVu4B1VRgA_GOBgPcN617aveA8ulpiQ5TVZHFtiQHk9WuHoat04Enra5-4iKXb0YcF6ZZ8oluoNrvLOMKzCoQShvVrHU8sqsIMolVHkw3rsyyYL03JUox6rKtHPQekaGQIGO9y8iqWstQjBBd0o1Rj0C-qKopaWkcVE5MMWxI.OU1TC2ETXiP4Qtjb6jX7x735o3ZKfcpUZ4TVNMZUTXA&dib_tag=se&qid=1738640968&refresh=1&s=computers-intl-ship&sr=1-1&xpid=HiER_QO91f5Mi
25,"SanDisk SDSSDE61-2T00-G25 - SSD portátil extremo de 2 TB, hasta 1050 MB/s, USB-C, USB 3.2 Gen 2, resistencia al agua y al polvo IP65, firmware actualizado, unidad externa de estado sólido",148.23,4.6 de 5 estrellas,"73,433",amazon.com/-/es/SanDisk-SDSSDE61-2T00-G25-port%C3%A1til-resistencia-actualizado/dp/B08HN37XC1/ref=sr_1_2?dib=eyJ2IjoiMSJ9.EoJi2KGtyKkHzukpwyJrsl175r-A3P4yOeGTZX-HRIRdmU9Mk2KtwfTDDVsxlPXxU8_KCkTZYVvzeSUSXoHdwXskFfR0QWhq8SwEr7pR0NxZPjV291TDti1uIADKRU562njVu4B1VRgA_GOBgPcN617aveA8ulpiQ5TVZHFtiQHk9WuHoat04Enra5-4iKXb0YcF6ZZ8oluoNrvLOMKzCoQShvVrHU8sqsIMolVHkw3rsyyYL03JUox6rKtHPQekaGQIGO9y8iqWstQjBBd0o1Rj0C-qKopaWkcVE5MMWxI.OU1TC2ETXiP4Qtjb6jX7x735o3ZKfcpUZ4TVNMZUTXA&dib_tag=se&qid=1738640968&refresh=1&s=computers-intl-ship&sr=1-2&xpid=HiER_QO91f5Mi
26,AMD Procesador de escritorio Ryzen 7 7800X3D de 8 núcleos y 16 hilos,449.0,4.9 de 5 estrellas,"4,481",amazon.com/-/es/AMD-Procesador-escritorio-Ryzen-7800X3D/dp/B0BTZB7F88/ref=sr_1_3?dib=eyJ2IjoiMSJ9.EoJi2KGtyKkHzukpwyJrsl175r-A3P4yOeGTZX-HRIRdmU9Mk2KtwfTDDVsxlPXxU8_KCkTZYVvzeSUSXoHdwXskFfR0QWhq8SwEr7pR0NxZPjV291TDti1uIADKRU562njVu4B1VRgA_GOBgPcN617aveA8ulpiQ5TVZHFtiQHk9WuHoat04Enra5-4iKXb0YcF6ZZ8oluoNrvLOMKzCoQShvVrHU8sqsIMolVHkw3rsyyYL03JUox6rKtHPQekaGQIGO9y8iqWstQjBBd0o1Rj0C-qKopaWkcVE5MMWxI.OU1TC2ETXiP4Qtjb6jX7x735o3ZKfcpUZ4TVNMZUTXA&dib_tag=se&qid=1738640968&refresh=1&s=computers-intl-ship&sr=1-3&xpid=HiER_QO91f5Mi
27,CORSAIR VENGEANCE LPX DDR4 RAM 32 GB (2 x 16 GB) 3200 MHz CL16-20-20-38 1.35V Intel AMD Memoria de computadora de escritorio - Negro (CMK32GX4M2E3200C16),50.99,4.8 de 5 estrellas,"14,284",amazon.com/-/es/CORSAIR-VENGEANCE-CL16-20-20-38-computadora-escritorio/dp/B07RW6Z692/ref=sr_1_4?dib=eyJ2IjoiMSJ9.EoJi2KGtyKkHzukpwyJrsl175r-A3P4yOeGTZX-HRIRdmU9Mk2KtwfTDDVsxlPXxU8_KCkTZYVvzeSUSXoHdwXskFfR0QWhq8SwEr7pR0NxZPjV291TDti1uIADKRU562njVu4B1VRgA_GOBgPcN617aveA8ulpiQ5TVZHFtiQHk9WuHoat04Enra5-4iKXb0YcF6ZZ8oluoNrvLOMKzCoQShvVrHU8sqsIMolVHkw3rsyyYL03JUox6rKtHPQekaGQIGO9y8iqWstQjBBd0o1Rj0C-qKopaWkcVE5MMWxI.OU1TC2ETXiP4Qtjb6jX7x735o3ZKfcpUZ4TVNMZUTXA&dib_tag=se&qid=1738640968&refresh=1&s=computers-intl-ship&sr=1-4&xpid=HiER_QO91f5Mi
28,"Samsung T7 Touch - Disco duro portátil, 500 GB, USB 3.2",97.99,4.7 de 5 estrellas,"34,091",amazon.com/-/es/Samsung-T7-Touch-Disco-port%C3%A1til/dp/B0874XN4D8/ref=sr_1_5?dib=eyJ2IjoiMSJ9.EoJi2KGtyKkHzukpwyJrsl175r-A3P4yOeGTZX-HRIRdmU9Mk2KtwfTDDVsxlPXxU8_KCkTZYVvzeSUSXoHdwXskFfR0QWhq8SwEr7pR0NxZPjV291TDti1uIADKRU562njVu4B1VRgA_GOBgPcN617aveA8ulpiQ5TVZHFtiQHk9WuHoat04Enra5-4iKXb0YcF6ZZ8oluoNrvLOMKzCoQShvVrHU8sqsIMolVHkw3rsyyYL03JUox6rKtHPQekaGQIGO9y8iqWstQjBBd0o1Rj0C-qKopaWkcVE5MMWxI.OU1TC2ETXiP4Qtjb6jX7x735o3ZKfcpUZ4TVNMZUTXA&dib_tag=se&qid=1738640968&refresh=1&s=computers-intl-ship&sr=1-5&xpid=HiER_QO91f5Mi
29,AMD Procesador de escritorio desbloqueado Ryzen 5 7600X de 6 núcleos y 12 hilos,207.95,4.8 de 5 estrellas,"3,048",amazon.com/-/es/Procesador-escritorio-desbloqueado-7600X-n%C3%BAcleos/dp/B0BBJDS62N/ref=sr_1_6?dib=eyJ2IjoiMSJ9.EoJi2KGtyKkHzukpwyJrsl175r-A3P4yOeGTZX-HRIRdmU9Mk2KtwfTDDVsxlPXxU8_KCkTZYVvzeSUSXoHdwXskFfR0QWhq8SwEr7pR0NxZPjV291TDti1uIADKRU562njVu4B1VRgA_GOBgPcN617aveA8ulpiQ5TVZHFtiQHk9WuHoat04Enra5-4iKXb0YcF6ZZ8oluoNrvLOMKzCoQShvVrHU8sqsIMolVHkw3rsyyYL03JUox6rKtHPQekaGQIGO9y8iqWstQjBBd0o1Rj0C-qKopaWkcVE5MMWxI.OU1TC2ETXiP4Qtjb6jX7x735o3ZKfcpUZ4TVNMZUTXA&dib_tag=se&qid=1738640968&refresh=1&s=computers-intl-ship&sr=1-6&xpid=HiER_QO91f5Mi
30,Seagate Game Drive,149.0,4.8 de 5 estrellas,"20,400",amazon.com/-/es/STJR1000400-Seagate-Game-Drive/dp/B08K3S6WJM/ref=sr_1_7?dib=eyJ2IjoiMSJ9.EoJi2KGtyKkHzukpwyJrsl175r-A3P4yOeGTZX-HRIRdmU9Mk2KtwfTDDVsxlPXxU8_KCkTZYVvzeSUSXoHdwXskFfR0QWhq8SwEr7pR0NxZPjV291TDti1uIADKRU562njVu4B1VRgA_GOBgPcN617aveA8ulpiQ5TVZHFtiQHk9WuHoat04Enra5-4iKXb0YcF6ZZ8oluoNrvLOMKzCoQShvVrHU8sqsIMolVHkw3rsyyYL03JUox6rKtHPQekaGQIGO9y8iqWstQjBBd0o1Rj0C-qKopaWkcVE5MMWxI.OU1TC2ETXiP4Qtjb6jX7x735o3ZKfcpUZ4TVNMZUTXA&dib_tag=se&qid=1738640968&refresh=1&s=computers-intl-ship&sr=1-7&xpid=HiER_QO91f5Mi
31,"ARCTIC MX-4 (0.14 oz) - Pasta térmica de alto rendimiento para todos los procesadores (CPU, GPU - PC), muy alta conductividad térmica, larga durabilidad, aplicación segura, no conductora",6.99,4.8 de 5 estrellas,"90,438",amazon.com/-/es/ARCTIC-MX-4-0-14-procesadores-conductividad/dp/B07L9BDY3T/ref=sr_1_8?dib=eyJ2IjoiMSJ9.EoJi2KGtyKkHzukpwyJrsl175r-A3P4yOeGTZX-HRIRdmU9Mk2KtwfTDDVsxlPXxU8_KCkTZYVvzeSUSXoHdwXskFfR0QWhq8SwEr7pR0NxZPjV291TDti1uIADKRU562njVu4B1VRgA_GOBgPcN617aveA8ulpiQ5TVZHFtiQHk9WuHoat04Enra5-4iKXb0YcF6ZZ8oluoNrvLOMKzCoQShvVrHU8sqsIMolVHkw3rsyyYL03JUox6rKtHPQekaGQIGO9y8iqWstQjBBd0o1Rj0C-qKopaWkcVE5MMWxI.OU1TC2ETXiP4Qtjb6jX7x735o3ZKfcpUZ4TVNMZUTXA&dib_tag=se&qid=1738640968&refresh=1&s=computers-intl-ship&sr=1-8&xpid=HiER_QO91f5Mi
32,"SanDisk SDSSDE81-4T00-G25 SSD portátil Extreme PRO de 4 TB - Hasta 2000 MB/s - USB-C, USB 3.2 Gen 2 x 2, resistencia al agua y al polvo IP65, firmware actualizado, unidad externa de estado sólido",299.99,4.4 de 5 estrellas,"14,164",amazon.com/-/es/SanDisk-SDSSDE81-4T00-G25-SSD-port%C3%A1til-Extreme/dp/B08RX3343D/ref=sr_1_9?dib=eyJ2IjoiMSJ9.EoJi2KGtyKkHzukpwyJrsl175r-A3P4yOeGTZX-HRIRdmU9Mk2KtwfTDDVsxlPXxU8_KCkTZYVvzeSUSXoHdwXskFfR0QWhq8SwEr7pR0NxZPjV291TDti1uIADKRU562njVu4B1VRgA_GOBgPcN617aveA8ulpiQ5TVZHFtiQHk9WuHoat04Enra5-4iKXb0YcF6ZZ8oluoNrvLOMKzCoQShvVrHU8sqsIMolVHkw3rsyyYL03JUox6rKtHPQekaGQIGO9y8iqWstQjBBd0o1Rj0C-qKopaWkcVE5MMWxI.OU1TC2ETXiP4Qtjb6jX7x735o3ZKfcpUZ4TVNMZUTXA&dib_tag=se&qid=1738640968&refresh=1&s=computers-intl-ship&sr=1-9&xpid=HiER_QO91f5Mi
33,"Unidad externa de CD/DVD para portátil, reproductor de CD USB 3.0, reproductor de DVD portátil +/-RW, lector de CD ROM, escritor, duplicador de discos compatible con computadora portátil,",22.31,4.2 de 5 estrellas,"38,178",amazon.com/-/es/port%C3%A1til-reproductor-duplicador-compatible-computadora/dp/B07DLRG9VH/ref=sr_1_10?dib=eyJ2IjoiMSJ9.EoJi2KGtyKkHzukpwyJrsl175r-A3P4yOeGTZX-HRIRdmU9Mk2KtwfTDDVsxlPXxU8_KCkTZYVvzeSUSXoHdwXskFfR0QWhq8SwEr7pR0NxZPjV291TDti1uIADKRU562njVu4B1VRgA_GOBgPcN617aveA8ulpiQ5TVZHFtiQHk9WuHoat04Enra5-4iKXb0YcF6ZZ8oluoNrvLOMKzCoQShvVrHU8sqsIMolVHkw3rsyyYL03JUox6rKtHPQekaGQIGO9y8iqWstQjBBd0o1Rj0C-qKopaWkcVE5MMWxI.OU1TC2ETXiP4Qtjb6jX7x735o3ZKfcpUZ4TVNMZUTXA&dib_tag=se&qid=1738640968&refresh=1&s=computers-intl-ship&sr=1-10&xpid=HiER_QO91f5Mi
34,"UnionSine Disco duro externo portátil ultra delgado de 1 TB HDD-USB 3.0 para PC, Mac, portátil, PS4, Xbox one, Xbox 360-HD2510 (negro)",55.74,4.5 de 5 estrellas,"46,058",amazon.com/-/es/UnionSine-externo-port%C3%A1til-delgado-360-HD2510/dp/B091FV14V9/ref=sr_1_11?dib=eyJ2IjoiMSJ9.EoJi2KGtyKkHzukpwyJrsl175r-A3P4yOeGTZX-HRIRdmU9Mk2KtwfTDDVsxlPXxU8_KCkTZYVvzeSUSXoHdwXskFfR0QWhq8SwEr7pR0NxZPjV291TDti1uIADKRU562njVu4B1VRgA_GOBgPcN617aveA8ulpiQ5TVZHFtiQHk9WuHoat04Enra5-4iKXb0YcF6ZZ8oluoNrvLOMKzCoQShvVrHU8sqsIMolVHkw3rsyyYL03JUox6rKtHPQekaGQIGO9y8iqWstQjBBd0o1Rj0C-qKopaWkcVE5MMWxI.OU1TC2ETXiP4Qtjb6jX7x735o3ZKfcpUZ4TVNMZUTXA&dib_tag=se&qid=1738640968&refresh=1&s=computers-intl-ship&sr=1-11&xpid=HiER_QO91f5Mi
35,AMD Ryzen 7 7700X - Procesador de escritorio desbloqueado de 8 núcleos y 16 hilos,275.55,4.7 de 5 estrellas,"2,129",amazon.com/-/es/AMD-Ryzen-7700X-Procesador-desbloqueado/dp/B0BBHHT8LY/ref=sr_1_12?dib=eyJ2IjoiMSJ9.EoJi2KGtyKkHzukpwyJrsl175r-A3P4yOeGTZX-HRIRdmU9Mk2KtwfTDDVsxlPXxU8_KCkTZYVvzeSUSXoHdwXskFfR0QWhq8SwEr7pR0NxZPjV291TDti1uIADKRU562njVu4B1VRgA_GOBgPcN617aveA8ulpiQ5TVZHFtiQHk9WuHoat04Enra5-4iKXb0YcF6ZZ8oluoNrvLOMKzCoQShvVrHU8sqsIMolVHkw3rsyyYL03JUox6rKtHPQekaGQIGO9y8iqWstQjBBd0o1Rj0C-qKopaWkcVE5MMWxI.OU1TC2ETXiP4Qtjb6jX7x735o3ZKfcpUZ4TVNMZUTXA&dib_tag=se&qid=1738640968&refresh=1&s=computers-intl-ship&sr=1-12&xpid=HiER_QO91f5Mi
36,"WD Disco duro externo portátil Elements de 2 TB para Windows, USB 3.2 Gen 1/USB 3.0 para PC y Mac, listo para conectar y usar, WDBU6Y0020BBK-WESN",69.99,4.6 de 5 estrellas,"296,806",amazon.com/-/es/externo-port%C3%A1til-Elements-conectar-WDBU6Y0020BBK-WESN/dp/B06W55K9N6/ref=sr_1_14?dib=eyJ2IjoiMSJ9.EoJi2KGtyKkHzukpwyJrsl175r-A3P4yOeGTZX-HRIRdmU9Mk2KtwfTDDVsxlPXxU8_KCkTZYVvzeSUSXoHdwXskFfR0QWhq8SwEr7pR0NxZPjV291TDti1uIADKRU562njVu4B1VRgA_GOBgPcN617aveA8ulpiQ5TVZHFtiQHk9WuHoat04Enra5-4iKXb0YcF6ZZ8oluoNrvLOMKzCoQShvVrHU8sqsIMolVHkw3rsyyYL03JUox6rKtHPQekaGQIGO9y8iqWstQjBBd0o1Rj0C-qKopaWkcVE5MMWxI.OU1TC2ETXiP4Qtjb6jX7x735o3ZKfcpUZ4TVNMZUTXA&dib_tag=se&qid=1738640968&refresh=1&s=computers-intl-ship&sr=1-14&xpid=HiER_QO91f5Mi
37,AMD Procesador de escritorio desbloqueado Ryzen™ 9 9950X de 16 núcleos y 32 hilos,576.29,4.7 de 5 estrellas,152,amazon.com/-/es/AMD-Procesador-desbloqueado-RyzenTM-9950X/dp/B0D6NNRBGP/ref=sr_1_15?dib=eyJ2IjoiMSJ9.EoJi2KGtyKkHzukpwyJrsl175r-A3P4yOeGTZX-HRIRdmU9Mk2KtwfTDDVsxlPXxU8_KCkTZYVvzeSUSXoHdwXskFfR0QWhq8SwEr7pR0NxZPjV291TDti1uIADKRU562njVu4B1VRgA_GOBgPcN617aveA8ulpiQ5TVZHFtiQHk9WuHoat04Enra5-4iKXb0YcF6ZZ8oluoNrvLOMKzCoQShvVrHU8sqsIMolVHkw3rsyyYL03JUox6rKtHPQekaGQIGO9y8iqWstQjBBd0o1Rj0C-qKopaWkcVE5MMWxI.OU1TC2ETXiP4Qtjb6jX7x735o3ZKfcpUZ4TVNMZUTXA&dib_tag=se&qid=1738640968&refresh=1&s=computers-intl-ship&sr=1-15&xpid=HiER_QO91f5Mi
38,AMD Procesador de escritorio desbloqueado Ryzen 7 5700X de 8 núcleos y 16 hilos,141.0,4.8 de 5 estrellas,"7,772",amazon.com/-/es/AMD-Procesador-desbloqueado-Ryzen-5700X/dp/B09VCHQHZ6/ref=sr_1_16?dib=eyJ2IjoiMSJ9.EoJi2KGtyKkHzukpwyJrsl175r-A3P4yOeGTZX-HRIRdmU9Mk2KtwfTDDVsxlPXxU8_KCkTZYVvzeSUSXoHdwXskFfR0QWhq8SwEr7pR0NxZPjV291TDti1uIADKRU562njVu4B1VRgA_GOBgPcN617aveA8ulpiQ5TVZHFtiQHk9WuHoat04Enra5-4iKXb0YcF6ZZ8oluoNrvLOMKzCoQShvVrHU8sqsIMolVHkw3rsyyYL03JUox6rKtHPQekaGQIGO9y8iqWstQjBBd0o1Rj0C-qKopaWkcVE5MMWxI.OU1TC2ETXiP4Qtjb6jX7x735o3ZKfcpUZ4TVNMZUTXA&dib_tag=se&qid=1738640968&refresh=1&s=computers-intl-ship&sr=1-16&xpid=HiER_QO91f5Mi
39,"SSK Unidad USB de 1 TB, SSD externa USB rápida 550 MB/s 2 en 1 unidad dual USB tipo C + USB A 3.2 Gen2 unidad de pulgar de estado sólido SSD Stick para iPhone 15/PS4/teléfono",69.29,4.5 de 5 estrellas,994,amazon.com/-/es/Unidad-externa-r%C3%A1pida-unidad-tel%C3%A9fono/dp/B0C9J48X93/ref=sr_1_17?dib=eyJ2IjoiMSJ9.EoJi2KGtyKkHzukpwyJrsl175r-A3P4yOeGTZX-HRIRdmU9Mk2KtwfTDDVsxlPXxU8_KCkTZYVvzeSUSXoHdwXskFfR0QWhq8SwEr7pR0NxZPjV291TDti1uIADKRU562njVu4B1VRgA_GOBgPcN617aveA8ulpiQ5TVZHFtiQHk9WuHoat04Enra5-4iKXb0YcF6ZZ8oluoNrvLOMKzCoQShvVrHU8sqsIMolVHkw3rsyyYL03JUox6rKtHPQekaGQIGO9y8iqWstQjBBd0o1Rj0C-qKopaWkcVE5MMWxI.OU1TC2ETXiP4Qtjb6jX7x735o3ZKfcpUZ4TVNMZUTXA&dib_tag=se&qid=1738640968&refresh=1&s=computers-intl-ship&sr=1-17&xpid=HiER_QO91f5Mi
40,AMD Ryzen 5 5600X 6 núcleos y 12 hilos desbloqueados procesador de escritorio con Wraith Stealth Cooler,127.49,4.8 de 5 estrellas,"27,735",amazon.com/-/es/AMD-Ryzen-5600X-desbloqueados-procesador/dp/B08166SLDF/ref=sr_1_18?dib=eyJ2IjoiMSJ9.EoJi2KGtyKkHzukpwyJrsl175r-A3P4yOeGTZX-HRIRdmU9Mk2KtwfTDDVsxlPXxU8_KCkTZYVvzeSUSXoHdwXskFfR0QWhq8SwEr7pR0NxZPjV291TDti1uIADKRU562njVu4B1VRgA_GOBgPcN617aveA8ulpiQ5TVZHFtiQHk9WuHoat04Enra5-4iKXb0YcF6ZZ8oluoNrvLOMKzCoQShvVrHU8sqsIMolVHkw3rsyyYL03JUox6rKtHPQekaGQIGO9y8iqWstQjBBd0o1Rj0C-qKopaWkcVE5MMWxI.OU1TC2ETXiP4Qtjb6jX7x735o3ZKfcpUZ4TVNMZUTXA&dib_tag=se&qid=1738640968&refresh=1&s=computers-intl-ship&sr=1-18&xpid=HiER_QO91f5Mi
41,"Corsair 4000D Airflow - Gabinete ATX semitorre para PC con vidrio templado, color negro",104.99,4.7 de 5 estrellas,"17,911",amazon.com/-/es/Corsair-4000D-Airflow-Gabinete-semitorre/dp/B08C7BGV3D/ref=sr_1_19?dib=eyJ2IjoiMSJ9.EoJi2KGtyKkHzukpwyJrsl175r-A3P4yOeGTZX-HRIRdmU9Mk2KtwfTDDVsxlPXxU8_KCkTZYVvzeSUSXoHdwXskFfR0QWhq8SwEr7pR0NxZPjV291TDti1uIADKRU562njVu4B1VRgA_GOBgPcN617aveA8ulpiQ5TVZHFtiQHk9WuHoat04Enra5-4iKXb0YcF6ZZ8oluoNrvLOMKzCoQShvVrHU8sqsIMolVHkw3rsyyYL03JUox6rKtHPQekaGQIGO9y8iqWstQjBBd0o1Rj0C-qKopaWkcVE5MMWxI.OU1TC2ETXiP4Qtjb6jX7x735o3ZKfcpUZ4TVNMZUTXA&dib_tag=se&qid=1738640968&refresh=1&s=computers-intl-ship&sr=1-19&xpid=HiER_QO91f5Mi
42,"Thermalright Peerless Assassin 120 SE - Enfriador de CPU, 6 tubos de calor con tecnología AGHP, ventiladores PWM duales de 4.724 in, velocidad de 1550 RPM, para AMD: AM4 AM5/Intel LGA",34.9,4.7 de 5 estrellas,"2,914",amazon.com/-/es/Thermalright-Peerless-Assassin-120-SE/dp/B09LGY38L4/ref=sr_1_20?dib=eyJ2IjoiMSJ9.EoJi2KGtyKkHzukpwyJrsl175r-A3P4yOeGTZX-HRIRdmU9Mk2KtwfTDDVsxlPXxU8_KCkTZYVvzeSUSXoHdwXskFfR0QWhq8SwEr7pR0NxZPjV291TDti1uIADKRU562njVu4B1VRgA_GOBgPcN617aveA8ulpiQ5TVZHFtiQHk9WuHoat04Enra5-4iKXb0YcF6ZZ8oluoNrvLOMKzCoQShvVrHU8sqsIMolVHkw3rsyyYL03JUox6rKtHPQekaGQIGO9y8iqWstQjBBd0o1Rj0C-qKopaWkcVE5MMWxI.OU1TC2ETXiP4Qtjb6jX7x735o3ZKfcpUZ4TVNMZUTXA&dib_tag=se&qid=1738640968&refresh=1&s=computers-intl-ship&sr=1-20&xpid=HiER_QO91f5Mi
43,CanaKit Raspberry Pi 5 Starter Kit PRO - Turbina Negro (128GB Edition) (8GB RAM),159.99,4.6 de 5 estrellas,624,amazon.com/-/es/CanaKit-Raspberry-Starter-Kit-PRO/dp/B0CRSNCJ6Y/ref=sr_1_21?dib=eyJ2IjoiMSJ9.EoJi2KGtyKkHzukpwyJrsl175r-A3P4yOeGTZX-HRIRdmU9Mk2KtwfTDDVsxlPXxU8_KCkTZYVvzeSUSXoHdwXskFfR0QWhq8SwEr7pR0NxZPjV291TDti1uIADKRU562njVu4B1VRgA_GOBgPcN617aveA8ulpiQ5TVZHFtiQHk9WuHoat04Enra5-4iKXb0YcF6ZZ8oluoNrvLOMKzCoQShvVrHU8sqsIMolVHkw3rsyyYL03JUox6rKtHPQekaGQIGO9y8iqWstQjBBd0o1Rj0C-qKopaWkcVE5MMWxI.OU1TC2ETXiP4Qtjb6jX7x735o3ZKfcpUZ4TVNMZUTXA&dib_tag=se&qid=1738640968&refresh=1&s=computers-intl-ship&sr=1-21&xpid=HiER_QO91f5Mi
44,"ARCTIC Liquid Freezer III 360 - Enfriador de agua CPU AIO, PC de refrigeración por agua, Intel y AMD, bomba eficiente controlada por PWM, ventilador: 200-1800 RPM, marco de contacto LGA1851 y LGA1700",90.08,4.4 de 5 estrellas,900,amazon.com/-/es/ARCTIC-Liquid-Freezer-III-360-refrigeraci%C3%B3n/dp/B09VH1T1C2/ref=sr_1_22?dib=eyJ2IjoiMSJ9.EoJi2KGtyKkHzukpwyJrsl175r-A3P4yOeGTZX-HRIRdmU9Mk2KtwfTDDVsxlPXxU8_KCkTZYVvzeSUSXoHdwXskFfR0QWhq8SwEr7pR0NxZPjV291TDti1uIADKRU562njVu4B1VRgA_GOBgPcN617aveA8ulpiQ5TVZHFtiQHk9WuHoat04Enra5-4iKXb0YcF6ZZ8oluoNrvLOMKzCoQShvVrHU8sqsIMolVHkw3rsyyYL03JUox6rKtHPQekaGQIGO9y8iqWstQjBBd0o1Rj0C-qKopaWkcVE5MMWxI.OU1TC2ETXiP4Qtjb6jX7x735o3ZKfcpUZ4TVNMZUTXA&dib_tag=se&qid=1738640968&refresh=1&s=computers-intl-ship&sr=1-22&xpid=HiER_QO91f5Mi
45,"WD_BLACK Tarjeta de expansión C50 de 2 TB, con licencia oficial para Xbox, reanudación rápida, Plug & Play, expansión NVMe SSD para consolas de juegos Xbox Series X|S - WDBMPH0020BNC-WCSN",229.99,4.8 de 5 estrellas,"6,609",amazon.com/-/es/WD_BLACK-expansi%C3%B3n-licencia-reanudaci%C3%B3n-consolas/dp/B0DK74LG91/ref=sr_1_23?dib=eyJ2IjoiMSJ9.EoJi2KGtyKkHzukpwyJrsl175r-A3P4yOeGTZX-HRIRdmU9Mk2KtwfTDDVsxlPXxU8_KCkTZYVvzeSUSXoHdwXskFfR0QWhq8SwEr7pR0NxZPjV291TDti1uIADKRU562njVu4B1VRgA_GOBgPcN617aveA8ulpiQ5TVZHFtiQHk9WuHoat04Enra5-4iKXb0YcF6ZZ8oluoNrvLOMKzCoQShvVrHU8sqsIMolVHkw3rsyyYL03JUox6rKtHPQekaGQIGO9y8iqWstQjBBd0o1Rj0C-qKopaWkcVE5MMWxI.OU1TC2ETXiP4Qtjb6jX7x735o3ZKfcpUZ4TVNMZUTXA&dib_tag=se&qid=1738640968&refresh=1&s=computers-intl-ship&sr=1-23&xpid=HiER_QO91f5Mi
46,"SAMSUNG T7 Shield - SSD portátil de 4 TB, 1050 MB/s, resistente, resistente al agua y al polvo, para creadores de contenido, color negro",279.99,4.7 de 5 estrellas,"14,101",amazon.com/-/es/SAMSUNG-Shield-resistente-creadores-contenido/dp/B0BHZQGN26/ref=sr_1_24?dib=eyJ2IjoiMSJ9.EoJi2KGtyKkHzukpwyJrsl175r-A3P4yOeGTZX-HRIRdmU9Mk2KtwfTDDVsxlPXxU8_KCkTZYVvzeSUSXoHdwXskFfR0QWhq8SwEr7pR0NxZPjV291TDti1uIADKRU562njVu4B1VRgA_GOBgPcN617aveA8ulpiQ5TVZHFtiQHk9WuHoat04Enra5-4iKXb0YcF6ZZ8oluoNrvLOMKzCoQShvVrHU8sqsIMolVHkw3rsyyYL03JUox6rKtHPQekaGQIGO9y8iqWstQjBBd0o1Rj0C-qKopaWkcVE5MMWxI.OU1TC2ETXiP4Qtjb6jX7x735o3ZKfcpUZ4TVNMZUTXA&dib_tag=se&qid=1738640968&refresh=1&s=computers-intl-ship&sr=1-24&xpid=HiER_QO91f5Mi
47,"Seagate BarraCuda - Disco duro interno de 8 TB, 3.5 pulgadas, SATA 6 Gb / s, 5400 RPM, 256 MB caché, para computadora de sobremesa, embalaje libre de frustración (ST8000DM004)",134.99,4.7 de 5 estrellas,"118,224",amazon.com/-/es/Seagate-BarraCuda-computadora-frustraci%C3%B3n-ST8000DM004/dp/B07H289S7C/ref=sr_1_25?dib=eyJ2IjoiMSJ9.EoJi2KGtyKkHzukpwyJrsl175r-A3P4yOeGTZX-HRIRdmU9Mk2KtwfTDDVsxlPXxU8_KCkTZYVvzeSUSXoHdwXskFfR0QWhq8SwEr7pR0NxZPjV291TDti1uIADKRU562njVu4B1VRgA_GOBgPcN617aveA8ulpiQ5TVZHFtiQHk9WuHoat04Enra5-4iKXb0YcF6ZZ8oluoNrvLOMKzCoQShvVrHU8sqsIMolVHkw3rsyyYL03JUox6rKtHPQekaGQIGO9y8iqWstQjBBd0o1Rj0C-qKopaWkcVE5MMWxI.OU1TC2ETXiP4Qtjb6jX7x735o3ZKfcpUZ4TVNMZUTXA&dib_tag=se&qid=1738640968&refresh=1&s=computers-intl-ship&sr=1-25&xpid=HiER_QO91f5Mi
48,"Unidad de disco duro externo portátil Seagate de 2 TB con puerto USB 3.0 para PC, Mac, PlayStation y Xbox además de 1 año de Rescue Service",77.84,4.6 de 5 estrellas,"264,484",amazon.com/-/es/externo-port%C3%A1til-Seagate-PlayStation-Service/dp/B07CRG94G3/ref=sr_1_1?dib=eyJ2IjoiMSJ9.EoJi2KGtyKkHzukpwyJrsl175r-A3P4yOeGTZX-HRIRdmU9Mk2KtwfTDDVsxlPXxU8_KCkTZYVvzeSUSXoHdwXskFfR0QWhq8SwEr7pR0NxZPjV291TDti1uIADKRU562njVu4B1VRgA_GOBgPcN617aveA8ulpiQ5TVZHFtiQHk9WuHoat04Enra5-4iKXb0YcF6ZZ8oluoNrvLOMKzCoQShvVrHU8sqsIMolVHkw3rsyyYL03JUox6rKtHPQekaGQIGO9y8iqWstQjBBd0o1Rj0C-qKopaWkcVE5MMWxI.2F1q5oMN0964BwT9jIEz_JXnLihsul_rFSxxwnoI1Go&dib_tag=se&qid=1738640969&refresh=1&s=computers-intl-ship&sr=1-1&xpid=HiER_QO91f5Mi
49,"SanDisk SDSSDE61-2T00-G25 - SSD portátil extremo de 2 TB, hasta 1050 MB/s, USB-C, USB 3.2 Gen 2, resistencia al agua y al polvo IP65, firmware actualizado, unidad externa de estado sólido",148.23,4.6 de 5 estrellas,"73,433",amazon.com/-/es/SanDisk-SDSSDE61-2T00-G25-port%C3%A1til-resistencia-actualizado/dp/B08HN37XC1/ref=sr_1_2?dib=eyJ2IjoiMSJ9.EoJi2KGtyKkHzukpwyJrsl175r-A3P4yOeGTZX-HRIRdmU9Mk2KtwfTDDVsxlPXxU8_KCkTZYVvzeSUSXoHdwXskFfR0QWhq8SwEr7pR0NxZPjV291TDti1uIADKRU562njVu4B1VRgA_GOBgPcN617aveA8ulpiQ5TVZHFtiQHk9WuHoat04Enra5-4iKXb0YcF6ZZ8oluoNrvLOMKzCoQShvVrHU8sqsIMolVHkw3rsyyYL03JUox6rKtHPQekaGQIGO9y8iqWstQjBBd0o1Rj0C-qKopaWkcVE5MMWxI.2F1q5oMN0964BwT9jIEz_JXnLihsul_rFSxxwnoI1Go&dib_tag=se&qid=1738640969&refresh=1&s=computers-intl-ship&sr=1-2&xpid=HiER_QO91f5Mi
50,AMD Procesador de escritorio Ryzen 7 7800X3D de 8 núcleos y 16 hilos,449.0,4.9 de 5 estrellas,"4,481",amazon.com/-/es/AMD-Procesador-escritorio-Ryzen-7800X3D/dp/B0BTZB7F88/ref=sr_1_3?dib=eyJ2IjoiMSJ9.EoJi2KGtyKkHzukpwyJrsl175r-A3P4yOeGTZX-HRIRdmU9Mk2KtwfTDDVsxlPXxU8_KCkTZYVvzeSUSXoHdwXskFfR0QWhq8SwEr7pR0NxZPjV291TDti1uIADKRU562njVu4B1VRgA_GOBgPcN617aveA8ulpiQ5TVZHFtiQHk9WuHoat04Enra5-4iKXb0YcF6ZZ8oluoNrvLOMKzCoQShvVrHU8sqsIMolVHkw3rsyyYL03JUox6rKtHPQekaGQIGO9y8iqWstQjBBd0o1Rj0C-qKopaWkcVE5MMWxI.2F1q5oMN0964BwT9jIEz_JXnLihsul_rFSxxwnoI1Go&dib_tag=se&qid=1738640969&refresh=1&s=computers-intl-ship&sr=1-3&xpid=HiER_QO91f5Mi
51,CORSAIR VENGEANCE LPX DDR4 RAM 32 GB (2 x 16 GB) 3200 MHz CL16-20-20-38 1.35V Intel AMD Memoria de computadora de escritorio - Negro (CMK32GX4M2E3200C16),50.99,4.8 de 5 estrellas,"14,284",amazon.com/-/es/CORSAIR-VENGEANCE-CL16-20-20-38-computadora-escritorio/dp/B07RW6Z692/ref=sr_1_4?dib=eyJ2IjoiMSJ9.EoJi2KGtyKkHzukpwyJrsl175r-A3P4yOeGTZX-HRIRdmU9Mk2KtwfTDDVsxlPXxU8_KCkTZYVvzeSUSXoHdwXskFfR0QWhq8SwEr7pR0NxZPjV291TDti1uIADKRU562njVu4B1VRgA_GOBgPcN617aveA8ulpiQ5TVZHFtiQHk9WuHoat04Enra5-4iKXb0YcF6ZZ8oluoNrvLOMKzCoQShvVrHU8sqsIMolVHkw3rsyyYL03JUox6rKtHPQekaGQIGO9y8iqWstQjBBd0o1Rj0C-qKopaWkcVE5MMWxI.2F1q5oMN0964BwT9jIEz_JXnLihsul_rFSxxwnoI1Go&dib_tag=se&qid=1738640969&refresh=1&s=computers-intl-ship&sr=1-4&xpid=HiER_QO91f5Mi
52,"Samsung T7 Touch - Disco duro portátil, 500 GB, USB 3.2",97.99,4.7 de 5 estrellas,"34,091",amazon.com/-/es/Samsung-T7-Touch-Disco-port%C3%A1til/dp/B0874XN4D8/ref=sr_1_5?dib=eyJ2IjoiMSJ9.EoJi2KGtyKkHzukpwyJrsl175r-A3P4yOeGTZX-HRIRdmU9Mk2KtwfTDDVsxlPXxU8_KCkTZYVvzeSUSXoHdwXskFfR0QWhq8SwEr7pR0NxZPjV291TDti1uIADKRU562njVu4B1VRgA_GOBgPcN617aveA8ulpiQ5TVZHFtiQHk9WuHoat04Enra5-4iKXb0YcF6ZZ8oluoNrvLOMKzCoQShvVrHU8sqsIMolVHkw3rsyyYL03JUox6rKtHPQekaGQIGO9y8iqWstQjBBd0o1Rj0C-qKopaWkcVE5MMWxI.2F1q5oMN0964BwT9jIEz_JXnLihsul_rFSxxwnoI1Go&dib_tag=se&qid=1738640969&refresh=1&s=computers-intl-ship&sr=1-5&xpid=HiER_QO91f5Mi
53,AMD Procesador de escritorio desbloqueado Ryzen 5 7600X de 6 núcleos y 12 hilos,207.95,4.8 de 5 estrellas,"3,048",amazon.com/-/es/Procesador-escritorio-desbloqueado-7600X-n%C3%BAcleos/dp/B0BBJDS62N/ref=sr_1_6?dib=eyJ2IjoiMSJ9.EoJi2KGtyKkHzukpwyJrsl175r-A3P4yOeGTZX-HRIRdmU9Mk2KtwfTDDVsxlPXxU8_KCkTZYVvzeSUSXoHdwXskFfR0QWhq8SwEr7pR0NxZPjV291TDti1uIADKRU562njVu4B1VRgA_GOBgPcN617aveA8ulpiQ5TVZHFtiQHk9WuHoat04Enra5-4iKXb0YcF6ZZ8oluoNrvLOMKzCoQShvVrHU8sqsIMolVHkw3rsyyYL03JUox6rKtHPQekaGQIGO9y8iqWstQjBBd0o1Rj0C-qKopaWkcVE5MMWxI.2F1q5oMN0964BwT9jIEz_JXnLihsul_rFSxxwnoI1Go&dib_tag=se&qid=1738640969&refresh=1&s=computers-intl-ship&sr=1-6&xpid=HiER_QO91f5Mi
54,Seagate Game Drive,149.0,4.8 de 5 estrellas,"20,400",amazon.com/-/es/STJR1000400-Seagate-Game-Drive/dp/B08K3S6WJM/ref=sr_1_7?dib=eyJ2IjoiMSJ9.EoJi2KGtyKkHzukpwyJrsl175r-A3P4yOeGTZX-HRIRdmU9Mk2KtwfTDDVsxlPXxU8_KCkTZYVvzeSUSXoHdwXskFfR0QWhq8SwEr7pR0NxZPjV291TDti1uIADKRU562njVu4B1VRgA_GOBgPcN617aveA8ulpiQ5TVZHFtiQHk9WuHoat04Enra5-4iKXb0YcF6ZZ8oluoNrvLOMKzCoQShvVrHU8sqsIMolVHkw3rsyyYL03JUox6rKtHPQekaGQIGO9y8iqWstQjBBd0o1Rj0C-qKopaWkcVE5MMWxI.2F1q5oMN0964BwT9jIEz_JXnLihsul_rFSxxwnoI1Go&dib_tag=se&qid=1738640969&refresh=1&s=computers-intl-ship&sr=1-7&xpid=HiER_QO91f5Mi
55,"ARCTIC MX-4 (0.14 oz) - Pasta térmica de alto rendimiento para todos los procesadores (CPU, GPU - PC), muy alta conductividad térmica, larga durabilidad, aplicación segura, no conductora",6.99,4.8 de 5 estrellas,"90,438",amazon.com/-/es/ARCTIC-MX-4-0-14-procesadores-conductividad/dp/B07L9BDY3T/ref=sr_1_8?dib=eyJ2IjoiMSJ9.EoJi2KGtyKkHzukpwyJrsl175r-A3P4yOeGTZX-HRIRdmU9Mk2KtwfTDDVsxlPXxU8_KCkTZYVvzeSUSXoHdwXskFfR0QWhq8SwEr7pR0NxZPjV291TDti1uIADKRU562njVu4B1VRgA_GOBgPcN617aveA8ulpiQ5TVZHFtiQHk9WuHoat04Enra5-4iKXb0YcF6ZZ8oluoNrvLOMKzCoQShvVrHU8sqsIMolVHkw3rsyyYL03JUox6rKtHPQekaGQIGO9y8iqWstQjBBd0o1Rj0C-qKopaWkcVE5MMWxI.2F1q5oMN0964BwT9jIEz_JXnLihsul_rFSxxwnoI1Go&dib_tag=se&qid=1738640969&refresh=1&s=computers-intl-ship&sr=1-8&xpid=HiER_QO91f5Mi
56,"SanDisk SDSSDE81-4T00-G25 SSD portátil Extreme PRO de 4 TB - Hasta 2000 MB/s - USB-C, USB 3.2 Gen 2 x 2, resistencia al agua y al polvo IP65, firmware actualizado, unidad externa de estado sólido",299.99,4.4 de 5 estrellas,"14,164",amazon.com/-/es/SanDisk-SDSSDE81-4T00-G25-SSD-port%C3%A1til-Extreme/dp/B08RX3343D/ref=sr_1_9?dib=eyJ2IjoiMSJ9.EoJi2KGtyKkHzukpwyJrsl175r-A3P4yOeGTZX-HRIRdmU9Mk2KtwfTDDVsxlPXxU8_KCkTZYVvzeSUSXoHdwXskFfR0QWhq8SwEr7pR0NxZPjV291TDti1uIADKRU562njVu4B1VRgA_GOBgPcN617aveA8ulpiQ5TVZHFtiQHk9WuHoat04Enra5-4iKXb0YcF6ZZ8oluoNrvLOMKzCoQShvVrHU8sqsIMolVHkw3rsyyYL03JUox6rKtHPQekaGQIGO9y8iqWstQjBBd0o1Rj0C-qKopaWkcVE5MMWxI.2F1q5oMN0964BwT9jIEz_JXnLihsul_rFSxxwnoI1Go&dib_tag=se&qid=1738640969&refresh=1&s=computers-intl-ship&sr=1-9&xpid=HiER_QO91f5Mi
57,"Unidad externa de CD/DVD para portátil, reproductor de CD USB 3.0, reproductor de DVD portátil +/-RW, lector de CD ROM, escritor, duplicador de discos compatible con computadora portátil,",22.31,4.2 de 5 estrellas,"38,178",amazon.com/-/es/port%C3%A1til-reproductor-duplicador-compatible-computadora/dp/B07DLRG9VH/ref=sr_1_10?dib=eyJ2IjoiMSJ9.EoJi2KGtyKkHzukpwyJrsl175r-A3P4yOeGTZX-HRIRdmU9Mk2KtwfTDDVsxlPXxU8_KCkTZYVvzeSUSXoHdwXskFfR0QWhq8SwEr7pR0NxZPjV291TDti1uIADKRU562njVu4B1VRgA_GOBgPcN617aveA8ulpiQ5TVZHFtiQHk9WuHoat04Enra5-4iKXb0YcF6ZZ8oluoNrvLOMKzCoQShvVrHU8sqsIMolVHkw3rsyyYL03JUox6rKtHPQekaGQIGO9y8iqWstQjBBd0o1Rj0C-qKopaWkcVE5MMWxI.2F1q5oMN0964BwT9jIEz_JXnLihsul_rFSxxwnoI1Go&dib_tag=se&qid=1738640969&refresh=1&s=computers-intl-ship&sr=1-10&xpid=HiER_QO91f5Mi
58,"UnionSine Disco duro externo portátil ultra delgado de 1 TB HDD-USB 3.0 para PC, Mac, portátil, PS4, Xbox one, Xbox 360-HD2510 (negro)",55.74,4.5 de 5 estrellas,"46,058",amazon.com/-/es/UnionSine-externo-port%C3%A1til-delgado-360-HD2510/dp/B091FV14V9/ref=sr_1_11?dib=eyJ2IjoiMSJ9.EoJi2KGtyKkHzukpwyJrsl175r-A3P4yOeGTZX-HRIRdmU9Mk2KtwfTDDVsxlPXxU8_KCkTZYVvzeSUSXoHdwXskFfR0QWhq8SwEr7pR0NxZPjV291TDti1uIADKRU562njVu4B1VRgA_GOBgPcN617aveA8ulpiQ5TVZHFtiQHk9WuHoat04Enra5-4iKXb0YcF6ZZ8oluoNrvLOMKzCoQShvVrHU8sqsIMolVHkw3rsyyYL03JUox6rKtHPQekaGQIGO9y8iqWstQjBBd0o1Rj0C-qKopaWkcVE5MMWxI.2F1q5oMN0964BwT9jIEz_JXnLihsul_rFSxxwnoI1Go&dib_tag=se&qid=1738640969&refresh=1&s=computers-intl-ship&sr=1-11&xpid=HiER_QO91f5Mi
59,AMD Ryzen 7 7700X - Procesador de escritorio desbloqueado de 8 núcleos y 16 hilos,275.55,4.7 de 5 estrellas,"2,129",amazon.com/-/es/AMD-Ryzen-7700X-Procesador-desbloqueado/dp/B0BBHHT8LY/ref=sr_1_12?dib=eyJ2IjoiMSJ9.EoJi2KGtyKkHzukpwyJrsl175r-A3P4yOeGTZX-HRIRdmU9Mk2KtwfTDDVsxlPXxU8_KCkTZYVvzeSUSXoHdwXskFfR0QWhq8SwEr7pR0NxZPjV291TDti1uIADKRU562njVu4B1VRgA_GOBgPcN617aveA8ulpiQ5TVZHFtiQHk9WuHoat04Enra5-4iKXb0YcF6ZZ8oluoNrvLOMKzCoQShvVrHU8sqsIMolVHkw3rsyyYL03JUox6rKtHPQekaGQIGO9y8iqWstQjBBd0o1Rj0C-qKopaWkcVE5MMWxI.2F1q5oMN0964BwT9jIEz_JXnLihsul_rFSxxwnoI1Go&dib_tag=se&qid=1738640969&refresh=1&s=computers-intl-ship&sr=1-12&xpid=HiER_QO91f5Mi
60,"WD Disco duro externo portátil Elements de 2 TB para Windows, USB 3.2 Gen 1/USB 3.0 para PC y Mac, listo para conectar y usar, WDBU6Y0020BBK-WESN",69.99,4.6 de 5 estrellas,"296,806",amazon.com/-/es/externo-port%C3%A1til-Elements-conectar-WDBU6Y0020BBK-WESN/dp/B06W55K9N6/ref=sr_1_14?dib=eyJ2IjoiMSJ9.EoJi2KGtyKkHzukpwyJrsl175r-A3P4yOeGTZX-HRIRdmU9Mk2KtwfTDDVsxlPXxU8_KCkTZYVvzeSUSXoHdwXskFfR0QWhq8SwEr7pR0NxZPjV291TDti1uIADKRU562njVu4B1VRgA_GOBgPcN617aveA8ulpiQ5TVZHFtiQHk9WuHoat04Enra5-4iKXb0YcF6ZZ8oluoNrvLOMKzCoQShvVrHU8sqsIMolVHkw3rsyyYL03JUox6rKtHPQekaGQIGO9y8iqWstQjBBd0o1Rj0C-qKopaWkcVE5MMWxI.2F1q5oMN0964BwT9jIEz_JXnLihsul_rFSxxwnoI1Go&dib_tag=se&qid=1738640969&refresh=1&s=computers-intl-ship&sr=1-14&xpid=HiER_QO91f5Mi
61,AMD Procesador de escritorio desbloqueado Ryzen™ 9 9950X de 16 núcleos y 32 hilos,576.29,4.7 de 5 estrellas,152,amazon.com/-/es/AMD-Procesador-desbloqueado-RyzenTM-9950X/dp/B0D6NNRBGP/ref=sr_1_15?dib=eyJ2IjoiMSJ9.EoJi2KGtyKkHzukpwyJrsl175r-A3P4yOeGTZX-HRIRdmU9Mk2KtwfTDDVsxlPXxU8_KCkTZYVvzeSUSXoHdwXskFfR0QWhq8SwEr7pR0NxZPjV291TDti1uIADKRU562njVu4B1VRgA_GOBgPcN617aveA8ulpiQ5TVZHFtiQHk9WuHoat04Enra5-4iKXb0YcF6ZZ8oluoNrvLOMKzCoQShvVrHU8sqsIMolVHkw3rsyyYL03JUox6rKtHPQekaGQIGO9y8iqWstQjBBd0o1Rj0C-qKopaWkcVE5MMWxI.2F1q5oMN0964BwT9jIEz_JXnLihsul_rFSxxwnoI1Go&dib_tag=se&qid=1738640969&refresh=1&s=computers-intl-ship&sr=1-15&xpid=HiER_QO91f5Mi
62,AMD Procesador de escritorio desbloqueado Ryzen 7 5700X de 8 núcleos y 16 hilos,141.0,4.8 de 5 estrellas,"7,772",amazon.com/-/es/AMD-Procesador-desbloqueado-Ryzen-5700X/dp/B09VCHQHZ6/ref=sr_1_16?dib=eyJ2IjoiMSJ9.EoJi2KGtyKkHzukpwyJrsl175r-A3P4yOeGTZX-HRIRdmU9Mk2KtwfTDDVsxlPXxU8_KCkTZYVvzeSUSXoHdwXskFfR0QWhq8SwEr7pR0NxZPjV291TDti1uIADKRU562njVu4B1VRgA_GOBgPcN617aveA8ulpiQ5TVZHFtiQHk9WuHoat04Enra5-4iKXb0YcF6ZZ8oluoNrvLOMKzCoQShvVrHU8sqsIMolVHkw3rsyyYL03JUox6rKtHPQekaGQIGO9y8iqWstQjBBd0o1Rj0C-qKopaWkcVE5MMWxI.2F1q5oMN0964BwT9jIEz_JXnLihsul_rFSxxwnoI1Go&dib_tag=se&qid=1738640969&refresh=1&s=computers-intl-ship&sr=1-16&xpid=HiER_QO91f5Mi
63,"SSK Unidad USB de 1 TB, SSD externa USB rápida 550 MB/s 2 en 1 unidad dual USB tipo C + USB A 3.2 Gen2 unidad de pulgar de estado sólido SSD Stick para iPhone 15/PS4/teléfono",69.29,4.5 de 5 estrellas,994,amazon.com/-/es/Unidad-externa-r%C3%A1pida-unidad-tel%C3%A9fono/dp/B0C9J48X93/ref=sr_1_17?dib=eyJ2IjoiMSJ9.EoJi2KGtyKkHzukpwyJrsl175r-A3P4yOeGTZX-HRIRdmU9Mk2KtwfTDDVsxlPXxU8_KCkTZYVvzeSUSXoHdwXskFfR0QWhq8SwEr7pR0NxZPjV291TDti1uIADKRU562njVu4B1VRgA_GOBgPcN617aveA8ulpiQ5TVZHFtiQHk9WuHoat04Enra5-4iKXb0YcF6ZZ8oluoNrvLOMKzCoQShvVrHU8sqsIMolVHkw3rsyyYL03JUox6rKtHPQekaGQIGO9y8iqWstQjBBd0o1Rj0C-qKopaWkcVE5MMWxI.2F1q5oMN0964BwT9jIEz_JXnLihsul_rFSxxwnoI1Go&dib_tag=se&qid=1738640969&refresh=1&s=computers-intl-ship&sr=1-17&xpid=HiER_QO91f5Mi
64,AMD Ryzen 5 5600X 6 núcleos y 12 hilos desbloqueados procesador de escritorio con Wraith Stealth Cooler,127.49,4.8 de 5 estrellas,"27,735",amazon.com/-/es/AMD-Ryzen-5600X-desbloqueados-procesador/dp/B08166SLDF/ref=sr_1_18?dib=eyJ2IjoiMSJ9.EoJi2KGtyKkHzukpwyJrsl175r-A3P4yOeGTZX-HRIRdmU9Mk2KtwfTDDVsxlPXxU8_KCkTZYVvzeSUSXoHdwXskFfR0QWhq8SwEr7pR0NxZPjV291TDti1uIADKRU562njVu4B1VRgA_GOBgPcN617aveA8ulpiQ5TVZHFtiQHk9WuHoat04Enra5-4iKXb0YcF6ZZ8oluoNrvLOMKzCoQShvVrHU8sqsIMolVHkw3rsyyYL03JUox6rKtHPQekaGQIGO9y8iqWstQjBBd0o1Rj0C-qKopaWkcVE5MMWxI.2F1q5oMN0964BwT9jIEz_JXnLihsul_rFSxxwnoI1Go&dib_tag=se&qid=1738640969&refresh=1&s=computers-intl-ship&sr=1-18&xpid=HiER_QO91f5Mi
65,"Corsair 4000D Airflow - Gabinete ATX semitorre para PC con vidrio templado, color negro",104.99,4.7 de 5 estrellas,"17,911",amazon.com/-/es/Corsair-4000D-Airflow-Gabinete-semitorre/dp/B08C7BGV3D/ref=sr_1_19?dib=eyJ2IjoiMSJ9.EoJi2KGtyKkHzukpwyJrsl175r-A3P4yOeGTZX-HRIRdmU9Mk2KtwfTDDVsxlPXxU8_KCkTZYVvzeSUSXoHdwXskFfR0QWhq8SwEr7pR0NxZPjV291TDti1uIADKRU562njVu4B1VRgA_GOBgPcN617aveA8ulpiQ5TVZHFtiQHk9WuHoat04Enra5-4iKXb0YcF6ZZ8oluoNrvLOMKzCoQShvVrHU8sqsIMolVHkw3rsyyYL03JUox6rKtHPQekaGQIGO9y8iqWstQjBBd0o1Rj0C-qKopaWkcVE5MMWxI.2F1q5oMN0964BwT9jIEz_JXnLihsul_rFSxxwnoI1Go&dib_tag=se&qid=1738640969&refresh=1&s=computers-intl-ship&sr=1-19&xpid=HiER_QO91f5Mi
66,"Thermalright Peerless Assassin 120 SE - Enfriador de CPU, 6 tubos de calor con tecnología AGHP, ventiladores PWM duales de 4.724 in, velocidad de 1550 RPM, para AMD: AM4 AM5/Intel LGA",34.9,4.7 de 5 estrellas,"2,914",amazon.com/-/es/Thermalright-Peerless-Assassin-120-SE/dp/B09LGY38L4/ref=sr_1_20?dib=eyJ2IjoiMSJ9.EoJi2KGtyKkHzukpwyJrsl175r-A3P4yOeGTZX-HRIRdmU9Mk2KtwfTDDVsxlPXxU8_KCkTZYVvzeSUSXoHdwXskFfR0QWhq8SwEr7pR0NxZPjV291TDti1uIADKRU562njVu4B1VRgA_GOBgPcN617aveA8ulpiQ5TVZHFtiQHk9WuHoat04Enra5-4iKXb0YcF6ZZ8oluoNrvLOMKzCoQShvVrHU8sqsIMolVHkw3rsyyYL03JUox6rKtHPQekaGQIGO9y8iqWstQjBBd0o1Rj0C-qKopaWkcVE5MMWxI.2F1q5oMN0964BwT9jIEz_JXnLihsul_rFSxxwnoI1Go&dib_tag=se&qid=1738640969&refresh=1&s=computers-intl-ship&sr=1-20&xpid=HiER_QO91f5Mi
67,CanaKit Raspberry Pi 5 Starter Kit PRO - Turbina Negro (128GB Edition) (8GB RAM),159.99,4.6 de 5 estrellas,624,amazon.com/-/es/CanaKit-Raspberry-Starter-Kit-PRO/dp/B0CRSNCJ6Y/ref=sr_1_21?dib=eyJ2IjoiMSJ9.EoJi2KGtyKkHzukpwyJrsl175r-A3P4yOeGTZX-HRIRdmU9Mk2KtwfTDDVsxlPXxU8_KCkTZYVvzeSUSXoHdwXskFfR0QWhq8SwEr7pR0NxZPjV291TDti1uIADKRU562njVu4B1VRgA_GOBgPcN617aveA8ulpiQ5TVZHFtiQHk9WuHoat04Enra5-4iKXb0YcF6ZZ8oluoNrvLOMKzCoQShvVrHU8sqsIMolVHkw3rsyyYL03JUox6rKtHPQekaGQIGO9y8iqWstQjBBd0o1Rj0C-qKopaWkcVE5MMWxI.2F1q5oMN0964BwT9jIEz_JXnLihsul_rFSxxwnoI1Go&dib_tag=se&qid=1738640969&refresh=1&s=computers-intl-ship&sr=1-21&xpid=HiER_QO91f5Mi
68,"ARCTIC Liquid Freezer III 360 - Enfriador de agua CPU AIO, PC de refrigeración por agua, Intel y AMD, bomba eficiente controlada por PWM, ventilador: 200-1800 RPM, marco de contacto LGA1851 y LGA1700",90.08,4.4 de 5 estrellas,900,amazon.com/-/es/ARCTIC-Liquid-Freezer-III-360-refrigeraci%C3%B3n/dp/B09VH1T1C2/ref=sr_1_22?dib=eyJ2IjoiMSJ9.EoJi2KGtyKkHzukpwyJrsl175r-A3P4yOeGTZX-HRIRdmU9Mk2KtwfTDDVsxlPXxU8_KCkTZYVvzeSUSXoHdwXskFfR0QWhq8SwEr7pR0NxZPjV291TDti1uIADKRU562njVu4B1VRgA_GOBgPcN617aveA8ulpiQ5TVZHFtiQHk9WuHoat04Enra5-4iKXb0YcF6ZZ8oluoNrvLOMKzCoQShvVrHU8sqsIMolVHkw3rsyyYL03JUox6rKtHPQekaGQIGO9y8iqWstQjBBd0o1Rj0C-qKopaWkcVE5MMWxI.2F1q5oMN0964BwT9jIEz_JXnLihsul_rFSxxwnoI1Go&dib_tag=se&qid=1738640969&refresh=1&s=computers-intl-ship&sr=1-22&xpid=HiER_QO91f5Mi
69,"WD_BLACK Tarjeta de expansión C50 de 2 TB, con licencia oficial para Xbox, reanudación rápida, Plug & Play, expansión NVMe SSD para consolas de juegos Xbox Series X|S - WDBMPH0020BNC-WCSN",229.99,4.8 de 5 estrellas,"6,609",amazon.com/-/es/WD_BLACK-expansi%C3%B3n-licencia-reanudaci%C3%B3n-consolas/dp/B0DK74LG91/ref=sr_1_23?dib=eyJ2IjoiMSJ9.EoJi2KGtyKkHzukpwyJrsl175r-A3P4yOeGTZX-HRIRdmU9Mk2KtwfTDDVsxlPXxU8_KCkTZYVvzeSUSXoHdwXskFfR0QWhq8SwEr7pR0NxZPjV291TDti1uIADKRU562njVu4B1VRgA_GOBgPcN617aveA8ulpiQ5TVZHFtiQHk9WuHoat04Enra5-4iKXb0YcF6ZZ8oluoNrvLOMKzCoQShvVrHU8sqsIMolVHkw3rsyyYL03JUox6rKtHPQekaGQIGO9y8iqWstQjBBd0o1Rj0C-qKopaWkcVE5MMWxI.2F1q5oMN0964BwT9jIEz_JXnLihsul_rFSxxwnoI1Go&dib_tag=se&qid=1738640969&refresh=1&s=computers-intl-ship&sr=1-23&xpid=HiER_QO91f5Mi
70,"SAMSUNG T7 Shield - SSD portátil de 4 TB, 1050 MB/s, resistente, resistente al agua y al polvo, para creadores de contenido, color negro",279.99,4.7 de 5 estrellas,"14,101",amazon.com/-/es/SAMSUNG-Shield-resistente-creadores-contenido/dp/B0BHZQGN26/ref=sr_1_24?dib=eyJ2IjoiMSJ9.EoJi2KGtyKkHzukpwyJrsl175r-A3P4yOeGTZX-HRIRdmU9Mk2KtwfTDDVsxlPXxU8_KCkTZYVvzeSUSXoHdwXskFfR0QWhq8SwEr7pR0NxZPjV291TDti1uIADKRU562njVu4B1VRgA_GOBgPcN617aveA8ulpiQ5TVZHFtiQHk9WuHoat04Enra5-4iKXb0YcF6ZZ8oluoNrvLOMKzCoQShvVrHU8sqsIMolVHkw3rsyyYL03JUox6rKtHPQekaGQIGO9y8iqWstQjBBd0o1Rj0C-qKopaWkcVE5MMWxI.2F1q5oMN0964BwT9jIEz_JXnLihsul_rFSxxwnoI1Go&dib_tag=se&qid=1738640969&refresh=1&s=computers-intl-ship&sr=1-24&xpid=HiER_QO91f5Mi
71,"Seagate BarraCuda - Disco duro interno de 8 TB, 3.5 pulgadas, SATA 6 Gb / s, 5400 RPM, 256 MB caché, para computadora de sobremesa, embalaje libre de frustración (ST8000DM004)",134.99,4.7 de 5 estrellas,"118,224",amazon.com/-/es/Seagate-BarraCuda-computadora-frustraci%C3%B3n-ST8000DM004/dp/B07H289S7C/ref=sr_1_25?dib=eyJ2IjoiMSJ9.EoJi2KGtyKkHzukpwyJrsl175r-A3P4yOeGTZX-HRIRdmU9Mk2KtwfTDDVsxlPXxU8_KCkTZYVvzeSUSXoHdwXskFfR0QWhq8SwEr7pR0NxZPjV291TDti1uIADKRU562njVu4B1VRgA_GOBgPcN617aveA8ulpiQ5TVZHFtiQHk9WuHoat04Enra5-4iKXb0YcF6ZZ8oluoNrvLOMKzCoQShvVrHU8sqsIMolVHkw3rsyyYL03JUox6rKtHPQekaGQIGO9y8iqWstQjBBd0o1Rj0C-qKopaWkcVE5MMWxI.2F1q5oMN0964BwT9jIEz_JXnLihsul_rFSxxwnoI1Go&dib_tag=se&qid=1738640969&refresh=1&s=computers-intl-ship&sr=1-25&xpid=HiER_QO91f5Mi
72,"Unidad de disco duro externo portátil Seagate de 2 TB con puerto USB 3.0 para PC, Mac, PlayStation y Xbox además de 1 año de Rescue Service",77.84,4.6 de 5 estrellas,"264,484",amazon.com/-/es/externo-port%C3%A1til-Seagate-PlayStation-Service/dp/B07CRG94G3/ref=sr_1_1?dib=eyJ2IjoiMSJ9.EoJi2KGtyKkHzukpwyJrsl175r-A3P4yOeGTZX-HRIRdmU9Mk2KtwfTDDVsxlPXxU8_KCkTZYVvzeSUSXoHdwXskFfR0QWhq8SwEr7pR0NxZPjV291TDti1uIADKRU562njVu4B1VRgA_GOBgPcN617aveA8ulpiQ5TVZHFtiQHk9WuHoat04Enra5-4iKXb0YcF6ZZ8oluoNrvLOMKzCoQShvVrHU8sqsIMolVHkw3rsyyYL03JUox6rKtHPQekaGQIGO9y8iqWstQjBBd0o1Rj0C-qKopaWkcVE5MMWxI.EF_yj5POofeJAuh32kxlLLe8UoKKHKJaWdVmqgoCepU&dib_tag=se&qid=1738640970&refresh=1&s=computers-intl-ship&sr=1-1&xpid=HiER_QO91f5Mi
73,"SanDisk SDSSDE61-2T00-G25 - SSD portátil extremo de 2 TB, hasta 1050 MB/s, USB-C, USB 3.2 Gen 2, resistencia al agua y al polvo IP65, firmware actualizado, unidad externa de estado sólido",148.23,4.6 de 5 estrellas,"73,433",amazon.com/-/es/SanDisk-SDSSDE61-2T00-G25-port%C3%A1til-resistencia-actualizado/dp/B08HN37XC1/ref=sr_1_2?dib=eyJ2IjoiMSJ9.EoJi2KGtyKkHzukpwyJrsl175r-A3P4yOeGTZX-HRIRdmU9Mk2KtwfTDDVsxlPXxU8_KCkTZYVvzeSUSXoHdwXskFfR0QWhq8SwEr7pR0NxZPjV291TDti1uIADKRU562njVu4B1VRgA_GOBgPcN617aveA8ulpiQ5TVZHFtiQHk9WuHoat04Enra5-4iKXb0YcF6ZZ8oluoNrvLOMKzCoQShvVrHU8sqsIMolVHkw3rsyyYL03JUox6rKtHPQekaGQIGO9y8iqWstQjBBd0o1Rj0C-qKopaWkcVE5MMWxI.EF_yj5POofeJAuh32kxlLLe8UoKKHKJaWdVmqgoCepU&dib_tag=se&qid=1738640970&refresh=1&s=computers-intl-ship&sr=1-2&xpid=HiER_QO91f5Mi
74,AMD Procesador de escritorio Ryzen 7 7800X3D de 8 núcleos y 16 hilos,449.0,4.9 de 5 estrellas,"4,481",amazon.com/-/es/AMD-Procesador-escritorio-Ryzen-7800X3D/dp/B0BTZB7F88/ref=sr_1_3?dib=eyJ2IjoiMSJ9.EoJi2KGtyKkHzukpwyJrsl175r-A3P4yOeGTZX-HRIRdmU9Mk2KtwfTDDVsxlPXxU8_KCkTZYVvzeSUSXoHdwXskFfR0QWhq8SwEr7pR0NxZPjV291TDti1uIADKRU562njVu4B1VRgA_GOBgPcN617aveA8ulpiQ5TVZHFtiQHk9WuHoat04Enra5-4iKXb0YcF6ZZ8oluoNrvLOMKzCoQShvVrHU8sqsIMolVHkw3rsyyYL03JUox6rKtHPQekaGQIGO9y8iqWstQjBBd0o1Rj0C-qKopaWkcVE5MMWxI.EF_yj5POofeJAuh32kxlLLe8UoKKHKJaWdVmqgoCepU&dib_tag=se&qid=1738640970&refresh=1&s=computers-intl-ship&sr=1-3&xpid=HiER_QO91f5Mi
75,CORSAIR VENGEANCE LPX DDR4 RAM 32 GB (2 x 16 GB) 3200 MHz CL16-20-20-38 1.35V Intel AMD Memoria de computadora de escritorio - Negro (CMK32GX4M2E3200C16),50.99,4.8 de 5 estrellas,"14,284",amazon.com/-/es/CORSAIR-VENGEANCE-CL16-20-20-38-computadora-escritorio/dp/B07RW6Z692/ref=sr_1_4?dib=eyJ2IjoiMSJ9.EoJi2KGtyKkHzukpwyJrsl175r-A3P4yOeGTZX-HRIRdmU9Mk2KtwfTDDVsxlPXxU8_KCkTZYVvzeSUSXoHdwXskFfR0QWhq8SwEr7pR0NxZPjV291TDti1uIADKRU562njVu4B1VRgA_GOBgPcN617aveA8ulpiQ5TVZHFtiQHk9WuHoat04Enra5-4iKXb0YcF6ZZ8oluoNrvLOMKzCoQShvVrHU8sqsIMolVHkw3rsyyYL03JUox6rKtHPQekaGQIGO9y8iqWstQjBBd0o1Rj0C-qKopaWkcVE5MMWxI.EF_yj5POofeJAuh32kxlLLe8UoKKHKJaWdVmqgoCepU&dib_tag=se&qid=1738640970&refresh=1&s=computers-intl-ship&sr=1-4&xpid=HiER_QO91f5Mi
76,"Samsung T7 Touch - Disco duro portátil, 500 GB, USB 3.2",97.99,4.7 de 5 estrellas,"34,091",amazon.com/-/es/Samsung-T7-Touch-Disco-port%C3%A1til/dp/B0874XN4D8/ref=sr_1_5?dib=eyJ2IjoiMSJ9.EoJi2KGtyKkHzukpwyJrsl175r-A3P4yOeGTZX-HRIRdmU9Mk2KtwfTDDVsxlPXxU8_KCkTZYVvzeSUSXoHdwXskFfR0QWhq8SwEr7pR0NxZPjV291TDti1uIADKRU562njVu4B1VRgA_GOBgPcN617aveA8ulpiQ5TVZHFtiQHk9WuHoat04Enra5-4iKXb0YcF6ZZ8oluoNrvLOMKzCoQShvVrHU8sqsIMolVHkw3rsyyYL03JUox6rKtHPQekaGQIGO9y8iqWstQjBBd0o1Rj0C-qKopaWkcVE5MMWxI.EF_yj5POofeJAuh32kxlLLe8UoKKHKJaWdVmqgoCepU&dib_tag=se&qid=1738640970&refresh=1&s=computers-intl-ship&sr=1-5&xpid=HiER_QO91f5Mi
77,AMD Procesador de escritorio desbloqueado Ryzen 5 7600X de 6 núcleos y 12 hilos,207.95,4.8 de 5 estrellas,"3,048",amazon.com/-/es/Procesador-escritorio-desbloqueado-7600X-n%C3%BAcleos/dp/B0BBJDS62N/ref=sr_1_6?dib=eyJ2IjoiMSJ9.EoJi2KGtyKkHzukpwyJrsl175r-A3P4yOeGTZX-HRIRdmU9Mk2KtwfTDDVsxlPXxU8_KCkTZYVvzeSUSXoHdwXskFfR0QWhq8SwEr7pR0NxZPjV291TDti1uIADKRU562njVu4B1VRgA_GOBgPcN617aveA8ulpiQ5TVZHFtiQHk9WuHoat04Enra5-4iKXb0YcF6ZZ8oluoNrvLOMKzCoQShvVrHU8sqsIMolVHkw3rsyyYL03JUox6rKtHPQekaGQIGO9y8iqWstQjBBd0o1Rj0C-qKopaWkcVE5MMWxI.EF_yj5POofeJAuh32kxlLLe8UoKKHKJaWdVmqgoCepU&dib_tag=se&qid=1738640970&refresh=1&s=computers-intl-ship&sr=1-6&xpid=HiER_QO91f5Mi
78,Seagate Game Drive,149.0,4.8 de 5 estrellas,"20,400",amazon.com/-/es/STJR1000400-Seagate-Game-Drive/dp/B08K3S6WJM/ref=sr_1_7?dib=eyJ2IjoiMSJ9.EoJi2KGtyKkHzukpwyJrsl175r-A3P4yOeGTZX-HRIRdmU9Mk2KtwfTDDVsxlPXxU8_KCkTZYVvzeSUSXoHdwXskFfR0QWhq8SwEr7pR0NxZPjV291TDti1uIADKRU562njVu4B1VRgA_GOBgPcN617aveA8ulpiQ5TVZHFtiQHk9WuHoat04Enra5-4iKXb0YcF6ZZ8oluoNrvLOMKzCoQShvVrHU8sqsIMolVHkw3rsyyYL03JUox6rKtHPQekaGQIGO9y8iqWstQjBBd0o1Rj0C-qKopaWkcVE5MMWxI.EF_yj5POofeJAuh32kxlLLe8UoKKHKJaWdVmqgoCepU&dib_tag=se&qid=1738640970&refresh=1&s=computers-intl-ship&sr=1-7&xpid=HiER_QO91f5Mi
79,"ARCTIC MX-4 (0.14 oz) - Pasta térmica de alto rendimiento para todos los procesadores (CPU, GPU - PC), muy alta conductividad térmica, larga durabilidad, aplicación segura, no conductora",6.99,4.8 de 5 estrellas,"90,438",amazon.com/-/es/ARCTIC-MX-4-0-14-procesadores-conductividad/dp/B07L9BDY3T/ref=sr_1_8?dib=eyJ2IjoiMSJ9.EoJi2KGtyKkHzukpwyJrsl175r-A3P4yOeGTZX-HRIRdmU9Mk2KtwfTDDVsxlPXxU8_KCkTZYVvzeSUSXoHdwXskFfR0QWhq8SwEr7pR0NxZPjV291TDti1uIADKRU562njVu4B1VRgA_GOBgPcN617aveA8ulpiQ5TVZHFtiQHk9WuHoat04Enra5-4iKXb0YcF6ZZ8oluoNrvLOMKzCoQShvVrHU8sqsIMolVHkw3rsyyYL03JUox6rKtHPQekaGQIGO9y8iqWstQjBBd0o1Rj0C-qKopaWkcVE5MMWxI.EF_yj5POofeJAuh32kxlLLe8UoKKHKJaWdVmqgoCepU&dib_tag=se&qid=1738640970&refresh=1&s=computers-intl-ship&sr=1-8&xpid=HiER_QO91f5Mi
80,"SanDisk SDSSDE81-4T00-G25 SSD portátil Extreme PRO de 4 TB - Hasta 2000 MB/s - USB-C, USB 3.2 Gen 2 x 2, resistencia al agua y al polvo IP65, firmware actualizado, unidad externa de estado sólido",299.99,4.4 de 5 estrellas,"14,164",amazon.com/-/es/SanDisk-SDSSDE81-4T00-G25-SSD-port%C3%A1til-Extreme/dp/B08RX3343D/ref=sr_1_9?dib=eyJ2IjoiMSJ9.EoJi2KGtyKkHzukpwyJrsl175r-A3P4yOeGTZX-HRIRdmU9Mk2KtwfTDDVsxlPXxU8_KCkTZYVvzeSUSXoHdwXskFfR0QWhq8SwEr7pR0NxZPjV291TDti1uIADKRU562njVu4B1VRgA_GOBgPcN617aveA8ulpiQ5TVZHFtiQHk9WuHoat04Enra5-4iKXb0YcF6ZZ8oluoNrvLOMKzCoQShvVrHU8sqsIMolVHkw3rsyyYL03JUox6rKtHPQekaGQIGO9y8iqWstQjBBd0o1Rj0C-qKopaWkcVE5MMWxI.EF_yj5POofeJAuh32kxlLLe8UoKKHKJaWdVmqgoCepU&dib_tag=se&qid=1738640970&refresh=1&s=computers-intl-ship&sr=1-9&xpid=HiER_QO91f5Mi
81,"Unidad externa de CD/DVD para portátil, reproductor de CD USB 3.0, reproductor de DVD portátil +/-RW, lector de CD ROM, escritor, duplicador de discos compatible con computadora portátil,",22.31,4.2 de 5 estrellas,"38,178",amazon.com/-/es/port%C3%A1til-reproductor-duplicador-compatible-computadora/dp/B07DLRG9VH/ref=sr_1_10?dib=eyJ2IjoiMSJ9.EoJi2KGtyKkHzukpwyJrsl175r-A3P4yOeGTZX-HRIRdmU9Mk2KtwfTDDVsxlPXxU8_KCkTZYVvzeSUSXoHdwXskFfR0QWhq8SwEr7pR0NxZPjV291TDti1uIADKRU562njVu4B1VRgA_GOBgPcN617aveA8ulpiQ5TVZHFtiQHk9WuHoat04Enra5-4iKXb0YcF6ZZ8oluoNrvLOMKzCoQShvVrHU8sqsIMolVHkw3rsyyYL03JUox6rKtHPQekaGQIGO9y8iqWstQjBBd0o1Rj0C-qKopaWkcVE5MMWxI.EF_yj5POofeJAuh32kxlLLe8UoKKHKJaWdVmqgoCepU&dib_tag=se&qid=1738640970&refresh=1&s=computers-intl-ship&sr=1-10&xpid=HiER_QO91f5Mi
82,"UnionSine Disco duro externo portátil ultra delgado de 1 TB HDD-USB 3.0 para PC, Mac, portátil, PS4, Xbox one, Xbox 360-HD2510 (negro)",55.74,4.5 de 5 estrellas,"46,058",amazon.com/-/es/UnionSine-externo-port%C3%A1til-delgado-360-HD2510/dp/B091FV14V9/ref=sr_1_11?dib=eyJ2IjoiMSJ9.EoJi2KGtyKkHzukpwyJrsl175r-A3P4yOeGTZX-HRIRdmU9Mk2KtwfTDDVsxlPXxU8_KCkTZYVvzeSUSXoHdwXskFfR0QWhq8SwEr7pR0NxZPjV291TDti1uIADKRU562njVu4B1VRgA_GOBgPcN617aveA8ulpiQ5TVZHFtiQHk9WuHoat04Enra5-4iKXb0YcF6ZZ8oluoNrvLOMKzCoQShvVrHU8sqsIMolVHkw3rsyyYL03JUox6rKtHPQekaGQIGO9y8iqWstQjBBd0o1Rj0C-qKopaWkcVE5MMWxI.EF_yj5POofeJAuh32kxlLLe8UoKKHKJaWdVmqgoCepU&dib_tag=se&qid=1738640970&refresh=1&s=computers-intl-ship&sr=1-11&xpid=HiER_QO91f5Mi
83,AMD Ryzen 7 7700X - Procesador de escritorio desbloqueado de 8 núcleos y 16 hilos,275.55,4.7 de 5 estrellas,"2,129",amazon.com/-/es/AMD-Ryzen-7700X-Procesador-desbloqueado/dp/B0BBHHT8LY/ref=sr_1_12?dib=eyJ2IjoiMSJ9.EoJi2KGtyKkHzukpwyJrsl175r-A3P4yOeGTZX-HRIRdmU9Mk2KtwfTDDVsxlPXxU8_KCkTZYVvzeSUSXoHdwXskFfR0QWhq8SwEr7pR0NxZPjV291TDti1uIADKRU562njVu4B1VRgA_GOBgPcN617aveA8ulpiQ5TVZHFtiQHk9WuHoat04Enra5-4iKXb0YcF6ZZ8oluoNrvLOMKzCoQShvVrHU8sqsIMolVHkw3rsyyYL03JUox6rKtHPQekaGQIGO9y8iqWstQjBBd0o1Rj0C-qKopaWkcVE5MMWxI.EF_yj5POofeJAuh32kxlLLe8UoKKHKJaWdVmqgoCepU&dib_tag=se&qid=1738640970&refresh=1&s=computers-intl-ship&sr=1-12&xpid=HiER_QO91f5Mi
84,"WD Disco duro externo portátil Elements de 2 TB para Windows, USB 3.2 Gen 1/USB 3.0 para PC y Mac, listo para conectar y usar, WDBU6Y0020BBK-WESN",69.99,4.6 de 5 estrellas,"296,806",amazon.com/-/es/externo-port%C3%A1til-Elements-conectar-WDBU6Y0020BBK-WESN/dp/B06W55K9N6/ref=sr_1_14?dib=eyJ2IjoiMSJ9.EoJi2KGtyKkHzukpwyJrsl175r-A3P4yOeGTZX-HRIRdmU9Mk2KtwfTDDVsxlPXxU8_KCkTZYVvzeSUSXoHdwXskFfR0QWhq8SwEr7pR0NxZPjV291TDti1uIADKRU562njVu4B1VRgA_GOBgPcN617aveA8ulpiQ5TVZHFtiQHk9WuHoat04Enra5-4iKXb0YcF6ZZ8oluoNrvLOMKzCoQShvVrHU8sqsIMolVHkw3rsyyYL03JUox6rKtHPQekaGQIGO9y8iqWstQjBBd0o1Rj0C-qKopaWkcVE5MMWxI.EF_yj5POofeJAuh32kxlLLe8UoKKHKJaWdVmqgoCepU&dib_tag=se&qid=1738640970&refresh=1&s=computers-intl-ship&sr=1-14&xpid=HiER_QO91f5Mi
85,AMD Procesador de escritorio desbloqueado Ryzen™ 9 9950X de 16 núcleos y 32 hilos,576.29,4.7 de 5 estrellas,152,amazon.com/-/es/AMD-Procesador-desbloqueado-RyzenTM-9950X/dp/B0D6NNRBGP/ref=sr_1_15?dib=eyJ2IjoiMSJ9.EoJi2KGtyKkHzukpwyJrsl175r-A3P4yOeGTZX-HRIRdmU9Mk2KtwfTDDVsxlPXxU8_KCkTZYVvzeSUSXoHdwXskFfR0QWhq8SwEr7pR0NxZPjV291TDti1uIADKRU562njVu4B1VRgA_GOBgPcN617aveA8ulpiQ5TVZHFtiQHk9WuHoat04Enra5-4iKXb0YcF6ZZ8oluoNrvLOMKzCoQShvVrHU8sqsIMolVHkw3rsyyYL03JUox6rKtHPQekaGQIGO9y8iqWstQjBBd0o1Rj0C-qKopaWkcVE5MMWxI.EF_yj5POofeJAuh32kxlLLe8UoKKHKJaWdVmqgoCepU&dib_tag=se&qid=1738640970&refresh=1&s=computers-intl-ship&sr=1-15&xpid=HiER_QO91f5Mi
86,AMD Procesador de escritorio desbloqueado Ryzen 7 5700X de 8 núcleos y 16 hilos,141.0,4.8 de 5 estrellas,"7,772",amazon.com/-/es/AMD-Procesador-desbloqueado-Ryzen-5700X/dp/B09VCHQHZ6/ref=sr_1_16?dib=eyJ2IjoiMSJ9.EoJi2KGtyKkHzukpwyJrsl175r-A3P4yOeGTZX-HRIRdmU9Mk2KtwfTDDVsxlPXxU8_KCkTZYVvzeSUSXoHdwXskFfR0QWhq8SwEr7pR0NxZPjV291TDti1uIADKRU562njVu4B1VRgA_GOBgPcN617aveA8ulpiQ5TVZHFtiQHk9WuHoat04Enra5-4iKXb0YcF6ZZ8oluoNrvLOMKzCoQShvVrHU8sqsIMolVHkw3rsyyYL03JUox6rKtHPQekaGQIGO9y8iqWstQjBBd0o1Rj0C-qKopaWkcVE5MMWxI.EF_yj5POofeJAuh32kxlLLe8UoKKHKJaWdVmqgoCepU&dib_tag=se&qid=1738640970&refresh=1&s=computers-intl-ship&sr=1-16&xpid=HiER_QO91f5Mi
87,"SSK Unidad USB de 1 TB, SSD externa USB rápida 550 MB/s 2 en 1 unidad dual USB tipo C + USB A 3.2 Gen2 unidad de pulgar de estado sólido SSD Stick para iPhone 15/PS4/teléfono",69.29,4.5 de 5 estrellas,994,amazon.com/-/es/Unidad-externa-r%C3%A1pida-unidad-tel%C3%A9fono/dp/B0C9J48X93/ref=sr_1_17?dib=eyJ2IjoiMSJ9.EoJi2KGtyKkHzukpwyJrsl175r-A3P4yOeGTZX-HRIRdmU9Mk2KtwfTDDVsxlPXxU8_KCkTZYVvzeSUSXoHdwXskFfR0QWhq8SwEr7pR0NxZPjV291TDti1uIADKRU562njVu4B1VRgA_GOBgPcN617aveA8ulpiQ5TVZHFtiQHk9WuHoat04Enra5-4iKXb0YcF6ZZ8oluoNrvLOMKzCoQShvVrHU8sqsIMolVHkw3rsyyYL03JUox6rKtHPQekaGQIGO9y8iqWstQjBBd0o1Rj0C-qKopaWkcVE5MMWxI.EF_yj5POofeJAuh32kxlLLe8UoKKHKJaWdVmqgoCepU&dib_tag=se&qid=1738640970&refresh=1&s=computers-intl-ship&sr=1-17&xpid=HiER_QO91f5Mi
88,AMD Ryzen 5 5600X 6 núcleos y 12 hilos desbloqueados procesador de escritorio con Wraith Stealth Cooler,127.49,4.8 de 5 estrellas,"27,735",amazon.com/-/es/AMD-Ryzen-5600X-desbloqueados-procesador/dp/B08166SLDF/ref=sr_1_18?dib=eyJ2IjoiMSJ9.EoJi2KGtyKkHzukpwyJrsl175r-A3P4yOeGTZX-HRIRdmU9Mk2KtwfTDDVsxlPXxU8_KCkTZYVvzeSUSXoHdwXskFfR0QWhq8SwEr7pR0NxZPjV291TDti1uIADKRU562njVu4B1VRgA_GOBgPcN617aveA8ulpiQ5TVZHFtiQHk9WuHoat04Enra5-4iKXb0YcF6ZZ8oluoNrvLOMKzCoQShvVrHU8sqsIMolVHkw3rsyyYL03JUox6rKtHPQekaGQIGO9y8iqWstQjBBd0o1Rj0C-qKopaWkcVE5MMWxI.EF_yj5POofeJAuh32kxlLLe8UoKKHKJaWdVmqgoCepU&dib_tag=se&qid=1738640970&refresh=1&s=computers-intl-ship&sr=1-18&xpid=HiER_QO91f5Mi
89,"Corsair 4000D Airflow - Gabinete ATX semitorre para PC con vidrio templado, color negro",104.99,4.7 de 5 estrellas,"17,911",amazon.com/-/es/Corsair-4000D-Airflow-Gabinete-semitorre/dp/B08C7BGV3D/ref=sr_1_19?dib=eyJ2IjoiMSJ9.EoJi2KGtyKkHzukpwyJrsl175r-A3P4yOeGTZX-HRIRdmU9Mk2KtwfTDDVsxlPXxU8_KCkTZYVvzeSUSXoHdwXskFfR0QWhq8SwEr7pR0NxZPjV291TDti1uIADKRU562njVu4B1VRgA_GOBgPcN617aveA8ulpiQ5TVZHFtiQHk9WuHoat04Enra5-4iKXb0YcF6ZZ8oluoNrvLOMKzCoQShvVrHU8sqsIMolVHkw3rsyyYL03JUox6rKtHPQekaGQIGO9y8iqWstQjBBd0o1Rj0C-qKopaWkcVE5MMWxI.EF_yj5POofeJAuh32kxlLLe8UoKKHKJaWdVmqgoCepU&dib_tag=se&qid=1738640970&refresh=1&s=computers-intl-ship&sr=1-19&xpid=HiER_QO91f5Mi
90,"Thermalright Peerless Assassin 120 SE - Enfriador de CPU, 6 tubos de calor con tecnología AGHP, ventiladores PWM duales de 4.724 in, velocidad de 1550 RPM, para AMD: AM4 AM5/Intel LGA",34.9,4.7 de 5 estrellas,"2,914",amazon.com/-/es/Thermalright-Peerless-Assassin-120-SE/dp/B09LGY38L4/ref=sr_1_20?dib=eyJ2IjoiMSJ9.EoJi2KGtyKkHzukpwyJrsl175r-A3P4yOeGTZX-HRIRdmU9Mk2KtwfTDDVsxlPXxU8_KCkTZYVvzeSUSXoHdwXskFfR0QWhq8SwEr7pR0NxZPjV291TDti1uIADKRU562njVu4B1VRgA_GOBgPcN617aveA8ulpiQ5TVZHFtiQHk9WuHoat04Enra5-4iKXb0YcF6ZZ8oluoNrvLOMKzCoQShvVrHU8sqsIMolVHkw3rsyyYL03JUox6rKtHPQekaGQIGO9y8iqWstQjBBd0o1Rj0C-qKopaWkcVE5MMWxI.EF_yj5POofeJAuh32kxlLLe8UoKKHKJaWdVmqgoCepU&dib_tag=se&qid=1738640970&refresh=1&s=computers-intl-ship&sr=1-20&xpid=HiER_QO91f5Mi
91,CanaKit Raspberry Pi 5 Starter Kit PRO - Turbina Negro (128GB Edition) (8GB RAM),159.99,4.6 de 5 estrellas,624,amazon.com/-/es/CanaKit-Raspberry-Starter-Kit-PRO/dp/B0CRSNCJ6Y/ref=sr_1_21?dib=eyJ2IjoiMSJ9.EoJi2KGtyKkHzukpwyJrsl175r-A3P4yOeGTZX-HRIRdmU9Mk2KtwfTDDVsxlPXxU8_KCkTZYVvzeSUSXoHdwXskFfR0QWhq8SwEr7pR0NxZPjV291TDti1uIADKRU562njVu4B1VRgA_GOBgPcN617aveA8ulpiQ5TVZHFtiQHk9WuHoat04Enra5-4iKXb0YcF6ZZ8oluoNrvLOMKzCoQShvVrHU8sqsIMolVHkw3rsyyYL03JUox6rKtHPQekaGQIGO9y8iqWstQjBBd0o1Rj0C-qKopaWkcVE5MMWxI.EF_yj5POofeJAuh32kxlLLe8UoKKHKJaWdVmqgoCepU&dib_tag=se&qid=1738640970&refresh=1&s=computers-intl-ship&sr=1-21&xpid=HiER_QO91f5Mi
92,"ARCTIC Liquid Freezer III 360 - Enfriador de agua CPU AIO, PC de refrigeración por agua, Intel y AMD, bomba eficiente controlada por PWM, ventilador: 200-1800 RPM, marco de contacto LGA1851 y LGA1700",90.08,4.4 de 5 estrellas,900,amazon.com/-/es/ARCTIC-Liquid-Freezer-III-360-refrigeraci%C3%B3n/dp/B09VH1T1C2/ref=sr_1_22?dib=eyJ2IjoiMSJ9.EoJi2KGtyKkHzukpwyJrsl175r-A3P4yOeGTZX-HRIRdmU9Mk2KtwfTDDVsxlPXxU8_KCkTZYVvzeSUSXoHdwXskFfR0QWhq8SwEr7pR0NxZPjV291TDti1uIADKRU562njVu4B1VRgA_GOBgPcN617aveA8ulpiQ5TVZHFtiQHk9WuHoat04Enra5-4iKXb0YcF6ZZ8oluoNrvLOMKzCoQShvVrHU8sqsIMolVHkw3rsyyYL03JUox6rKtHPQekaGQIGO9y8iqWstQjBBd0o1Rj0C-qKopaWkcVE5MMWxI.EF_yj5POofeJAuh32kxlLLe8UoKKHKJaWdVmqgoCepU&dib_tag=se&qid=1738640970&refresh=1&s=computers-intl-ship&sr=1-22&xpid=HiER_QO91f5Mi
93,"WD_BLACK Tarjeta de expansión C50 de 2 TB, con licencia oficial para Xbox, reanudación rápida, Plug & Play, expansión NVMe SSD para consolas de juegos Xbox Series X|S - WDBMPH0020BNC-WCSN",229.99,4.8 de 5 estrellas,"6,609",amazon.com/-/es/WD_BLACK-expansi%C3%B3n-licencia-reanudaci%C3%B3n-consolas/dp/B0DK74LG91/ref=sr_1_23?dib=eyJ2IjoiMSJ9.EoJi2KGtyKkHzukpwyJrsl175r-A3P4yOeGTZX-HRIRdmU9Mk2KtwfTDDVsxlPXxU8_KCkTZYVvzeSUSXoHdwXskFfR0QWhq8SwEr7pR0NxZPjV291TDti1uIADKRU562njVu4B1VRgA_GOBgPcN617aveA8ulpiQ5TVZHFtiQHk9WuHoat04Enra5-4iKXb0YcF6ZZ8oluoNrvLOMKzCoQShvVrHU8sqsIMolVHkw3rsyyYL03JUox6rKtHPQekaGQIGO9y8iqWstQjBBd0o1Rj0C-qKopaWkcVE5MMWxI.EF_yj5POofeJAuh32kxlLLe8UoKKHKJaWdVmqgoCepU&dib_tag=se&qid=1738640970&refresh=1&s=computers-intl-ship&sr=1-23&xpid=HiER_QO91f5Mi
94,"SAMSUNG T7 Shield - SSD portátil de 4 TB, 1050 MB/s, resistente, resistente al agua y al polvo, para creadores de contenido, color negro",279.99,4.7 de 5 estrellas,"14,101",amazon.com/-/es/SAMSUNG-Shield-resistente-creadores-contenido/dp/B0BHZQGN26/ref=sr_1_24?dib=eyJ2IjoiMSJ9.EoJi2KGtyKkHzukpwyJrsl175r-A3P4yOeGTZX-HRIRdmU9Mk2KtwfTDDVsxlPXxU8_KCkTZYVvzeSUSXoHdwXskFfR0QWhq8SwEr7pR0NxZPjV291TDti1uIADKRU562njVu4B1VRgA_GOBgPcN617aveA8ulpiQ5TVZHFtiQHk9WuHoat04Enra5-4iKXb0YcF6ZZ8oluoNrvLOMKzCoQShvVrHU8sqsIMolVHkw3rsyyYL03JUox6rKtHPQekaGQIGO9y8iqWstQjBBd0o1Rj0C-qKopaWkcVE5MMWxI.EF_yj5POofeJAuh32kxlLLe8UoKKHKJaWdVmqgoCepU&dib_tag=se&qid=1738640970&refresh=1&s=computers-intl-ship&sr=1-24&xpid=HiER_QO91f5Mi
95,"Seagate BarraCuda - Disco duro interno de 8 TB, 3.5 pulgadas, SATA 6 Gb / s, 5400 RPM, 256 MB caché, para computadora de sobremesa, embalaje libre de frustración (ST8000DM004)",134.99,4.7 de 5 estrellas,"118,224",amazon.com/-/es/Seagate-BarraCuda-computadora-frustraci%C3%B3n-ST8000DM004/dp/B07H289S7C/ref=sr_1_25?dib=eyJ2IjoiMSJ9.EoJi2KGtyKkHzukpwyJrsl175r-A3P4yOeGTZX-HRIRdmU9Mk2KtwfTDDVsxlPXxU8_KCkTZYVvzeSUSXoHdwXskFfR0QWhq8SwEr7pR0NxZPjV291TDti1uIADKRU562njVu4B1VRgA_GOBgPcN617aveA8ulpiQ5TVZHFtiQHk9WuHoat04Enra5-4iKXb0YcF6ZZ8oluoNrvLOMKzCoQShvVrHU8sqsIMolVHkw3rsyyYL03JUox6rKtHPQekaGQIGO9y8iqWstQjBBd0o1Rj0C-qKopaWkcVE5MMWxI.EF_yj5POofeJAuh32kxlLLe8UoKKHKJaWdVmqgoCepU&dib_tag=se&qid=1738640970&refresh=1&s=computers-intl-ship&sr=1-25&xpid=HiER_QO91f5Mi
